timestamp,cpu_percent,memory_percent,network_bytes,usb_connected,is_anomaly
2025-07-12T23:52:12.176917,26.41788647198246,46.19107036841704,717816.0273739969,0,0
2025-07-11T06:20:12.176950,30.339922145770068,47.58848588735941,485623.2877643968,0,0
2025-07-16T08:55:12.176961,23.34801312003711,47.660012160991705,650238.7912585672,0,0
2025-07-14T11:51:12.176968,22.62627991542316,12.694434900813192,530681.0853060834,0,0
2025-07-13T13:10:12.176973,58.38315709253379,31.135693425062687,294944.42251382803,0,0
2025-07-11T05:00:12.176977,22.131216558804304,30.034508265708574,781917.3188537161,0,0
2025-07-12T08:41:12.176983,42.58299796677382,37.585802102942566,636563.5889686759,0,0
2025-07-11T15:27:12.176986,25.328904958761637,25.10015693885067,789755.2411556228,0,0
2025-07-11T22:06:12.176990,14.28938795232493,57.07160288244697,363932.1903565751,0,0
2025-07-09T19:58:12.176994,26.80620186242619,41.18769889841535,278256.54327637167,0,0
2025-07-12T04:10:12.176998,5.029721660937373,55.58250270496974,466528.09708534234,0,0
2025-07-15T03:56:12.177001,28.763252554386444,50.16245456292578,522699.35731182236,0,0
2025-07-11T18:59:12.177005,28.825087786294624,19.86497420980776,287383.4197577635,0,0
2025-07-16T06:41:12.177009,15.980068658694922,27.21087303090564,452869.5553379676,0,0
2025-07-13T10:12:12.177012,37.242580040080895,38.87832247680324,407238.07166911714,0,0
2025-07-13T17:17:12.177015,30.061629210126533,50.64857920121801,231765.09779946785,0,0
2025-07-13T15:30:12.177019,24.01706601534279,53.07420508364815,727798.1306553483,0,0
2025-07-10T00:09:12.177022,19.070109690114002,53.676061706592,456461.1613466041,0,0
2025-07-12T19:52:12.177026,44.878398661488816,22.21310809711557,269945.19795639056,0,0
2025-07-12T21:53:12.177029,17.363232704105982,29.98405708758017,291672.2848536887,0,0
2025-07-14T08:51:12.177034,23.72108815343889,82.93413905060653,139832.33096116182,0,0
2025-07-12T16:02:12.177038,38.814068249295985,45.456814748275804,868420.6043890074,0,0
2025-07-15T02:11:12.177041,27.59277072720667,52.439437031281145,449968.8831576201,0,0
2025-07-15T00:47:12.177044,18.58008250429938,62.142756320504006,620798.742817061,0,0
2025-07-10T00:24:12.177048,11.79209816112715,62.609226125965826,517585.2638321672,0,0
2025-07-15T04:02:12.177051,35.835683699214,28.23632220075498,695425.4479311991,0,0
2025-07-11T07:02:12.177055,35.67879719884872,29.29181992262828,14913.849876461667,0,0
2025-07-10T16:20:12.177058,26.151970839198913,62.80805771420931,276589.49674307555,0,0
2025-07-11T23:56:12.177062,22.413366731528274,23.751982156302628,271002.847534007,0,0
2025-07-13T09:53:12.177065,32.36748902971019,48.654388759903995,325811.4756089372,0,0
2025-07-11T20:47:12.177068,27.64369164621263,20.20079666677801,489760.54725201,0,0
2025-07-10T01:58:12.177072,21.353522268122745,0.0,336857.2552745239,0,0
2025-07-15T21:44:12.177076,33.136442977787794,34.66359621624643,274973.03695042204,0,0
2025-07-15T19:10:12.177079,42.730390694061136,52.07327621848421,701995.9692810721,0,0
2025-07-10T13:06:12.177083,39.332787421399,66.96577929106904,377790.2338803986,0,0
2025-07-10T16:25:12.177086,20.2153209709748,33.813696175920455,624346.0142147547,0,0
2025-07-12T06:11:12.177090,30.439796019959587,54.56468861109961,338291.6835575907,0,0
2025-07-13T10:31:12.177094,42.23043954140062,46.417127904111844,651427.3682472096,0,0
2025-07-14T08:54:12.177097,36.712041323594875,26.75794393089482,633336.8991109133,0,0
2025-07-15T06:18:12.177102,42.81990636138415,31.746130128568012,259752.97071892524,0,0
2025-07-16T06:37:12.177106,23.904790250423453,34.045757132346274,883774.9730334717,0,0
2025-07-14T19:19:12.177109,26.02475271236208,48.51042722819075,592073.32550279,0,0
2025-07-11T02:23:12.177113,16.27111747297105,52.44079257667042,526661.426631889,0,0
2025-07-10T01:25:12.177117,28.463557834872113,42.635761571016666,183407.30575173465,0,0
2025-07-16T08:28:12.177120,11.778391625994182,71.4915754896542,392675.24248426413,0,0
2025-07-15T03:41:12.177130,25.09706049492743,57.56459296666157,216430.67556936515,0,0
2025-07-15T09:47:12.177134,36.341588040811374,51.775533629163355,380601.9205848739,0,0
2025-07-15T08:26:12.177137,25.87403992365171,17.028255497039872,173929.49032407254,0,0
2025-07-15T01:41:12.177141,36.28809957361588,43.14651327614038,271134.1814209758,0,0
2025-07-09T17:20:12.177144,32.20632350163441,26.816985731114272,820645.8584889863,0,0
2025-07-09T21:05:12.177147,19.79424097891817,38.19524828316444,200250.89272447844,0,0
2025-07-16T03:34:12.177151,29.503113494959365,60.493985853124784,380798.75275003863,0,0
2025-07-16T08:47:12.177154,22.442392819297233,26.482193763950313,364905.4613268499,0,0
2025-07-10T11:35:12.177157,14.3592702275821,52.022212476524054,232971.33460708143,0,0
2025-07-16T07:10:12.177161,18.51780051647388,53.70879283785089,670159.4513961581,0,0
2025-07-16T02:25:12.177164,23.27937226260015,40.54289718758733,358818.40458156087,0,0
2025-07-12T06:44:12.177167,35.63353280007639,52.444488644706155,572578.6594978668,0,0
2025-07-15T18:59:12.177172,49.411471926578926,50.299791957903565,679330.0606270453,0,0
2025-07-14T16:26:12.177176,34.75469281450471,46.66712799960946,516405.46448917367,0,0
2025-07-12T04:20:12.177180,32.74563791770027,28.966015532602714,600556.3546068699,0,0
2025-07-14T05:11:12.177184,33.962274156151736,39.47814640298014,295577.42525447044,0,0
2025-07-14T15:03:12.177187,30.244291009563494,20.15637546851237,588955.6366285973,0,0
2025-07-16T11:59:12.177190,15.713752176125833,48.37329260888189,438545.0069045489,0,0
2025-07-16T06:19:12.177194,29.66228022270114,24.928399474016764,897725.7385864292,0,0
2025-07-11T16:56:12.177198,36.73457334937758,45.800167351627934,995645.3680173397,0,0
2025-07-15T01:08:12.177201,31.473597355608266,33.67438500848675,538791.1304153702,0,0
2025-07-12T07:44:12.177205,34.85874291466516,23.558525588316535,446001.11895594426,0,0
2025-07-16T04:56:12.177208,38.87227146388952,37.61963527003352,442183.1385756731,0,0
2025-07-15T06:29:12.177212,25.562373075616932,14.859859212069743,591098.3355256829,0,0
2025-07-12T03:48:12.177215,29.806504525677386,50.074698939307375,556448.805997035,0,0
2025-07-12T22:16:12.177218,29.078401014238633,45.44580825396855,637428.7374058856,0,0
2025-07-16T00:20:12.177221,29.849449020008937,49.01092385004627,517237.03686966107,0,0
2025-07-16T00:46:12.177225,4.710073210713141,31.94632629637671,385413.06946378853,0,0
2025-07-13T01:40:12.177228,39.12476308922409,43.68422104636846,470249.42593602557,0,0
2025-07-13T10:49:12.177231,27.750028226304835,57.01507776478749,129607.15557908663,0,0
2025-07-13T14:55:12.177235,34.49262291978885,38.55402037127577,510139.52924700285,0,0
2025-07-16T01:30:12.177238,17.706071583058005,35.048399202713384,348540.8685888745,0,0
2025-07-13T21:52:12.177241,46.05511024458426,25.35323624490455,617156.1337670963,0,0
2025-07-14T20:30:12.177246,22.570873988864818,32.254604333450146,96983.62821723288,0,0
2025-07-15T20:16:12.177249,22.69454319084852,25.301581825849127,329406.918862068,0,0
2025-07-10T05:00:12.177253,28.252121436074464,47.046987696667685,39125.07052796794,0,0
2025-07-10T04:27:12.177256,24.33139239033308,46.31387741949418,806380.2329576286,0,0
2025-07-12T21:42:12.177260,32.05421288582693,52.84755515939388,707740.9916441271,0,0
2025-07-13T21:34:12.177263,23.63244230182543,54.929114064963144,17407.06343059789,0,0
2025-07-13T06:02:12.177267,21.892229213505168,49.69295662147749,586134.2659098359,0,0
2025-07-09T15:06:12.177271,23.999286214859428,20.878536797786634,338322.74416438537,0,0
2025-07-16T00:54:12.177275,26.37085031916303,25.019607343704124,558498.855759288,0,0
2025-07-14T23:49:12.177280,11.500566426302925,46.326941854444925,508262.79787680093,0,0
2025-07-14T06:19:12.177284,36.49690360136069,58.99228832036775,631825.8863226303,0,0
2025-07-12T23:30:12.177288,6.87611445069561,42.18574579430138,511084.4840040339,0,0
2025-07-10T07:39:12.177291,18.530438014245057,56.960232607652614,555258.6258876189,0,0
2025-07-15T15:13:12.177295,36.22495138201569,47.840717693614735,601794.2397820603,0,0
2025-07-10T00:36:12.177298,38.01954463905614,65.26815144673597,636524.4291127243,0,0
2025-07-13T10:09:12.177302,27.58348577756311,39.581414190231456,590197.7933859668,0,0
2025-07-16T09:12:12.177305,22.402846356196925,59.48353185007258,719977.7149834736,0,0
2025-07-11T13:32:12.177309,43.93304700291401,49.8240771520854,528380.6095997784,0,0
2025-07-14T22:48:12.177313,31.66110593929835,41.576807158464156,501940.4187216618,0,0
2025-07-12T11:14:12.177316,54.03017102382713,72.96040374096,394970.31091508735,0,0
2025-07-11T17:52:12.177321,16.301600922910815,40.33033513100583,362239.78685870464,0,0
2025-07-11T12:51:12.177325,17.16069843820618,42.23101170271747,715820.5030561641,0,0
2025-07-15T08:55:12.177328,22.3344650051422,32.75795220137598,694731.5151252785,0,0
2025-07-13T02:37:12.177331,17.447974029984486,22.390803081900792,213578.75163821573,0,0
2025-07-10T20:50:12.177335,35.4122835857659,13.047830661168899,688720.0020390183,0,0
2025-07-12T12:30:12.177338,22.017850151730993,37.108120350306535,723829.2034601264,0,0
2025-07-11T04:31:12.177342,22.677425835915958,54.033531934425305,749811.6456884857,0,0
2025-07-11T23:38:12.177345,39.70709910075504,46.067239969419816,237552.77965182893,0,0
2025-07-15T13:11:12.177349,28.138843224862935,62.92578380706679,388024.6217783674,0,0
2025-07-15T22:34:12.177352,16.57745903726277,33.46062959115821,450330.83894188236,0,0
2025-07-11T07:08:12.177356,23.060732889466394,3.857529535816454,242582.30394050953,0,0
2025-07-15T17:34:12.177361,6.185680197209194,49.26658654668545,133994.92814282497,0,0
2025-07-09T21:20:12.177365,31.861219362156447,60.713740342295466,336419.486200506,0,0
2025-07-16T05:11:12.177369,38.23736361661437,43.90502626789806,488486.83641083026,0,0
2025-07-14T18:02:12.177372,10.432047409717505,34.537787343162506,47265.97423328977,0,0
2025-07-14T20:08:12.177376,27.525389845976505,40.45885952757456,1032112.3789014549,0,0
2025-07-11T09:41:12.177379,21.180593835840796,29.174254420782262,142913.2663666983,0,0
2025-07-09T15:04:12.177383,12.65836378851693,37.80501465012293,440525.8025250305,0,0
2025-07-13T12:17:12.177386,43.34479569750283,30.477413748353662,462303.3577739289,0,0
2025-07-15T22:11:12.177391,30.262911091170878,49.81728184969036,318054.4776879061,0,0
2025-07-14T20:25:12.177395,35.10871203444915,64.29804730426248,363047.4124871556,0,0
2025-07-09T18:52:12.177398,34.37790299434581,59.77147751494121,230151.3477088496,0,0
2025-07-12T23:01:12.177402,20.613746536971075,34.8675627732804,681347.2838962032,0,0
2025-07-12T06:19:12.177405,39.75891451493035,22.281025788275265,202759.34545241634,0,0
2025-07-14T13:52:12.177409,17.40919356520587,15.816865512431715,41050.214382754755,0,0
2025-07-13T06:24:12.177412,30.637299479547128,44.1492669963131,640389.1652866316,0,0
2025-07-13T08:41:12.177415,14.912939452796554,46.766321662882135,410919.88143675646,0,0
2025-07-10T15:34:12.177419,28.475725179553596,54.05574146972026,374780.5669489705,0,0
2025-07-10T02:56:12.177422,26.77682861032512,39.644324516390434,346136.53962207853,0,0
2025-07-11T14:31:12.177426,34.86693779030786,50.73751458989983,737645.1853467601,0,0
2025-07-14T18:04:12.177429,17.97732350588295,70.97931039169481,318467.53316159255,0,0
2025-07-15T02:16:12.177434,44.70595086002197,31.395133916834112,528756.0669787428,0,0
2025-07-15T01:50:12.177437,21.682409722877466,52.167769302681045,688639.5601383336,0,0
2025-07-11T12:24:12.177440,10.349274892973956,55.712065863474265,446392.4171588649,0,0
2025-07-15T03:04:12.177444,36.95691846896032,24.372025513503306,727155.6862628008,0,0
2025-07-14T08:43:12.177447,21.40843907947743,36.869996876742135,466320.9467387159,0,0
2025-07-16T05:33:12.177451,17.346965247950266,28.671135412852028,580852.8975082085,0,0
2025-07-14T00:29:12.177454,29.658666819834334,51.75111378919716,658873.022659116,0,0
2025-07-15T07:37:12.177457,26.247574081460808,56.39877284656605,741529.6182525483,0,0
2025-07-13T04:51:12.177462,15.846807257959966,31.746598523784215,346811.87445113726,0,0
2025-07-11T01:40:12.177465,11.049435814015752,51.25040129913589,596201.323919599,0,0
2025-07-10T15:53:12.177468,26.414765576945356,38.234243307936154,451371.7890721653,0,0
2025-07-10T14:21:12.177472,39.061248730898605,48.77052303044473,640211.9999510787,0,0
2025-07-11T06:19:12.177476,45.39108525402437,22.792693516832106,535684.5773356868,0,0
2025-07-10T22:17:12.177479,30.917400984659807,47.88875364809765,383393.99609539006,0,0
2025-07-12T19:21:12.177482,39.77184551027411,38.68808218629256,265969.9727909559,0,0
2025-07-15T06:34:12.177486,52.96212542972851,19.787690390491733,708724.33302776,0,0
2025-07-14T17:33:12.177489,18.80036504558248,49.76729764292123,499549.56971678435,0,0
2025-07-11T20:06:12.177493,24.65630228410678,62.31501723303026,973200.1670528674,0,0
2025-07-14T13:28:12.177496,33.74213642795836,62.58604663609871,608960.6692468219,0,0
2025-07-13T18:04:12.177499,15.344747843285163,59.7122439272716,683265.0717369581,0,0
2025-07-14T08:30:12.177503,18.243809374257886,44.95959867387262,687887.0090027486,0,0
2025-07-10T10:29:12.177506,33.64853626233972,64.90917688490762,284414.69206958334,0,0
2025-07-11T23:37:12.177509,33.47621290282494,24.37465539070154,207872.1998769719,0,0
2025-07-11T14:35:12.177513,40.09352969387314,45.66348498346911,520773.5324289297,0,0
2025-07-13T19:53:12.177516,37.273873287717976,51.96995132069269,607723.0725448582,0,0
2025-07-11T14:38:12.177520,4.3436698484670835,50.79731860558831,554644.638156224,0,0
2025-07-13T13:29:12.177523,41.338145047980504,66.49933677387284,562517.7171198224,0,0
2025-07-14T12:44:12.177527,23.982730178023463,43.59853353299744,446184.86517199967,0,0
2025-07-10T23:54:12.177531,15.750908127919697,37.902100489374355,723726.5706236582,0,0
2025-07-15T23:41:12.177534,27.02035441788125,40.72562541158618,716233.9457928005,0,0
2025-07-11T15:11:12.177538,12.943627567793687,43.21986653397551,517620.7033068551,0,0
2025-07-15T20:46:12.177542,33.01517132863067,54.12116932479584,398719.0310586464,0,0
2025-07-12T17:49:12.177545,40.67332676904819,51.476625945648294,534893.6688890689,0,0
2025-07-11T11:19:12.177548,24.745465845070616,36.758782329096825,581266.1353279391,0,0
2025-07-15T05:55:12.177552,41.56315091131206,56.98845957631592,514439.55227855075,0,0
2025-07-11T04:06:12.177555,22.50793590999215,50.882362290737014,812455.9342555641,0,0
2025-07-12T06:01:12.177558,27.70521334392841,50.91948001065434,496194.9706489123,0,0
2025-07-14T02:32:12.177562,45.4160479557775,25.83821164417143,815104.3018870461,0,0
2025-07-14T11:18:12.177565,26.741866190339426,37.117536397500835,187013.31036953419,0,0
2025-07-11T16:25:12.177568,28.53497903549937,59.72075972197934,262042.8267501653,0,0
2025-07-09T14:17:12.177572,41.83249297338134,31.69916429444418,545061.0067570315,0,0
2025-07-15T10:43:12.177575,34.868811583965204,34.56386591570611,262170.43773898296,0,0
2025-07-16T03:37:12.177578,24.254551453413168,17.563951169613333,555827.1453565728,0,0
2025-07-12T03:19:12.177583,32.36135770218264,37.34692383467915,369085.8561688003,0,0
2025-07-10T08:54:12.177586,20.723113237164775,40.200947728156095,738528.5227370374,0,0
2025-07-13T17:40:12.177590,28.88050642094581,42.37987692382234,718736.9360117934,0,0
2025-07-11T18:34:12.177594,22.431282914513865,50.69547344805821,964197.8215784302,0,0
2025-07-12T06:09:12.177599,22.822012136117827,57.9610051488392,518712.92496090964,0,0
2025-07-13T14:34:12.177602,41.83126226729591,50.458515319408605,905070.6760309881,0,0
2025-07-15T15:30:12.177606,41.44631297231147,33.40596137757031,414312.8435235266,0,0
2025-07-11T19:49:12.177609,31.445201995275333,11.786921530611998,315839.59344205435,0,0
2025-07-14T21:58:12.177613,18.06262278121851,56.76047352204373,735142.9536541004,0,0
2025-07-15T10:40:12.177616,20.113038964895658,45.413152919651864,551099.9388990699,0,0
2025-07-10T14:38:12.177619,32.11144676271175,30.284159087185344,1013518.4843295256,0,0
2025-07-13T05:53:12.177623,20.933932213017496,28.57298408676165,413384.17703124427,0,0
2025-07-12T02:03:12.177626,51.643901264443556,56.22604824593112,453409.70852858335,0,0
2025-07-14T12:49:12.177629,24.955581450351904,41.831107944733596,484319.1446147673,0,0
2025-07-12T04:32:12.177633,24.538129886384937,29.649756720450313,441432.4918263369,0,0
2025-07-09T19:45:12.177636,29.71778341100247,11.732138507325732,543269.8657908816,0,0
2025-07-10T12:16:12.177640,25.94521059840563,25.06976341369561,392027.0476845323,0,0
2025-07-12T01:41:12.177643,35.659397528972015,59.69837583812869,503714.36644852615,0,0
2025-07-10T14:58:12.177646,17.09943377698028,41.411606956408,616499.6998008059,0,0
2025-07-14T21:26:12.177650,41.12400855115345,63.845971382376106,356338.7467735952,0,0
2025-07-15T17:26:12.177653,26.059152531651712,55.04290510141999,534451.5321192307,0,0
2025-07-14T21:45:12.177657,38.0001458224094,61.043702231340575,713964.575641891,0,0
2025-07-15T08:18:12.177660,42.053252244660186,52.382440274125784,772876.3934822453,0,0
2025-07-11T23:52:12.177665,35.68152086600816,44.12409051205389,331424.584746943,0,0
2025-07-11T09:37:12.177668,24.04221019861525,55.695956784054474,508693.1306094596,0,0
2025-07-13T17:30:12.177671,31.721391424181956,37.47528967164198,383250.7947795355,0,0
2025-07-09T20:38:12.177675,13.931699190856882,30.46847119291447,672986.0958498287,0,0
2025-07-10T00:01:12.177678,11.284698369150288,63.67949827868955,560192.9167112677,0,0
2025-07-11T12:47:12.177682,28.192522341852406,53.1421734510857,218501.72346267727,0,0
2025-07-12T22:59:12.177685,25.940542636934236,64.38824304334138,570137.258298868,0,0
2025-07-11T09:07:12.177688,41.3926861678447,46.24892343675879,432944.96816612093,0,0
2025-07-09T23:04:12.177691,31.69082214193204,44.44525448970401,322053.59837718774,0,0
2025-07-11T22:54:12.177695,33.5101998465065,76.02127026703006,298679.143403996,0,0
2025-07-14T04:45:12.177698,44.09094431590355,13.853260711745193,671489.0717120876,0,0
2025-07-13T13:04:12.177702,27.915010260899926,30.9488007025899,519474.2398341596,0,0
2025-07-10T08:32:12.177705,34.540890644632775,62.762599981729934,632631.9802613219,0,0
2025-07-14T04:10:12.177708,31.330967548824404,42.293668365194705,681245.4625087793,0,0
2025-07-15T02:39:12.177711,57.59375022967892,21.774045939771597,317820.99212985754,0,0
2025-07-09T15:43:12.177716,28.440841084903266,58.12852028467012,332502.41146315355,0,0
2025-07-15T21:57:12.177719,28.749645490914506,54.71646667754009,599207.7673424836,0,0
2025-07-12T21:27:12.177723,34.09735276194721,69.67656973937196,345581.58266969403,0,0
2025-07-14T14:00:12.177726,37.78635466892143,59.65157147355481,666697.7877843595,0,0
2025-07-12T23:00:12.177730,30.760697309248194,68.30191314188504,705237.5239050428,0,0
2025-07-12T15:08:12.177736,31.84929080949898,35.339724803955306,362700.95624457434,0,0
2025-07-16T06:43:12.177739,19.242871451202184,39.69969541407742,496781.4580036885,0,0
2025-07-11T05:52:12.177743,37.0288534563364,31.195640687164904,422278.4625165952,0,0
2025-07-13T07:42:12.177746,27.31476738126344,10.662130298290002,750804.1787862702,0,0
2025-07-15T13:12:12.177750,37.82768494109855,74.06614040570787,748528.4413973221,0,0
2025-07-13T19:18:12.177753,33.23450219520419,36.49408189583446,534027.0818137941,0,0
2025-07-13T16:48:12.177756,31.44364434554293,30.1275374191084,158711.04111153784,0,0
2025-07-15T10:44:12.177760,30.63030500380865,26.431000170759656,648706.9518276488,0,0
2025-07-16T04:44:12.177763,15.878256672116478,18.323173874200187,484089.3377019195,0,0
2025-07-13T08:26:12.177767,35.01361657245739,51.31101613560525,352547.1808818787,0,0
2025-07-09T13:58:12.177770,19.701614673083846,47.61299249812968,326032.95027720847,0,0
2025-07-10T17:30:12.177773,50.31342316056262,47.03498876916834,380288.2266478527,0,0
2025-07-11T13:16:12.177777,37.878547823307905,63.85321125191639,197579.670351594,0,0
2025-07-14T01:05:12.177780,30.668987751235534,31.691044339985762,427147.63602942426,0,0
2025-07-10T01:52:12.177783,23.37489000522924,56.26066467704301,564210.5060401435,0,0
2025-07-09T14:56:12.177787,38.01330094327147,44.04688248174111,284806.0680020952,0,0
2025-07-11T09:42:12.177790,33.59405220239548,34.98753282814347,394215.7137485387,0,0
2025-07-14T11:53:12.177793,26.467713551040298,39.90054845527628,709909.1842406869,0,0
2025-07-14T06:56:12.177797,15.80314943988434,26.495332619380854,758777.9455128596,0,0
2025-07-10T02:38:12.177801,13.179146951120277,46.95383596977069,874873.2067219993,0,0
2025-07-16T02:10:12.177805,23.756942667143264,36.01212852752744,611872.1007562608,0,0
2025-07-13T00:36:12.177808,29.932557698263516,29.06539445588112,253654.22265461498,0,0
2025-07-13T16:47:12.177812,23.168598821013866,49.3106332070879,591148.2092930393,0,0
2025-07-14T03:25:12.177815,20.056728474961425,57.84338370411067,640623.3526505424,0,0
2025-07-15T16:23:12.177819,20.518637863158148,46.49081051656936,254650.8274601539,0,0
2025-07-12T22:36:12.177823,8.548248098777673,50.94054338161282,408537.30569944746,0,0
2025-07-12T00:27:12.177826,19.37639234924605,51.84744508480632,640012.0898923916,0,0
2025-07-10T06:40:12.177830,20.31944436500745,22.33968584417561,538411.7006445024,0,0
2025-07-13T08:46:12.177833,20.179956278739617,45.90241293212456,632943.5574289736,0,0
2025-07-10T02:57:12.177836,36.80090780738508,52.253332381651475,620318.3854589588,0,0
2025-07-09T17:48:12.177839,60.12079659181535,31.668795450572,749279.6458656106,0,0
2025-07-13T05:54:12.177843,24.572684236188316,37.74417901528768,483824.57710773515,0,0
2025-07-11T07:37:12.177846,29.80530399187569,46.047240701334694,662100.7512840612,0,0
2025-07-12T08:52:12.177850,28.934777581120567,64.81816077625456,276434.14011321985,0,0
2025-07-15T04:47:12.177853,37.852410638431934,26.74575177119203,413569.42945740884,0,0
2025-07-14T05:36:12.177857,38.81420911844385,57.88273543188751,659073.1756999369,0,0
2025-07-12T06:12:12.177860,23.721176061740262,31.57811160741055,541649.7863542858,0,0
2025-07-16T05:08:12.177863,14.621283366073357,48.045114002256845,347759.73665853613,0,0
2025-07-11T11:19:12.177867,19.81706064230061,40.156199542688256,297763.1699148147,0,0
2025-07-12T12:12:12.177871,33.30541871969442,35.212086823626976,289206.1421380605,0,0
2025-07-13T04:32:12.177874,36.16229078494415,26.10177951920746,739782.114072204,0,0
2025-07-10T08:26:12.177878,48.00469946463283,49.022630992386446,736702.7323341693,0,0
2025-07-11T07:22:12.177883,32.44455970244404,55.15807457230688,277418.9144028085,0,0
2025-07-15T06:09:12.177886,20.340808348759474,30.39557076157778,587501.2704796746,0,0
2025-07-12T14:31:12.177890,35.94127911136175,37.85114461557083,642307.9012178107,0,0
2025-07-11T17:33:12.177893,30.196710498044844,50.74991812827146,665888.9579649058,0,0
2025-07-12T09:59:12.177898,25.48927414334611,32.18331405639814,471091.5230446513,0,0
2025-07-10T04:02:12.177901,21.362630966883597,58.12526579227739,695630.7192906667,0,0
2025-07-13T19:06:12.177905,25.727680234133548,13.569429728879363,493551.8801320402,0,0
2025-07-16T05:37:12.177908,20.747016931460614,29.667500975328768,446700.4032523708,0,0
2025-07-13T01:50:12.177911,25.49286814137239,39.5227745071032,563062.0397758624,0,0
2025-07-15T05:13:12.177915,25.959112542367972,39.19730416252869,292209.4239124949,0,0
2025-07-11T09:34:12.177918,22.523874918401074,44.94438741243428,496546.61780403793,0,0
2025-07-11T14:21:12.177921,31.786888194696196,30.239233954268535,414229.2801193326,0,0
2025-07-11T02:04:12.177925,23.54186579252902,69.06823306216279,299370.3785749602,0,0
2025-07-14T20:09:12.177928,35.813191568364175,52.566915535705924,472316.6250421841,0,0
2025-07-14T14:23:12.177931,29.84105050961851,48.3505583059448,716272.0157873153,0,0
2025-07-15T17:45:12.177935,30.55934155241023,18.196291457869773,821036.4399986072,0,0
2025-07-15T21:49:12.177939,37.163422546244036,37.88454916914878,444544.50122918654,0,0
2025-07-15T13:35:12.177943,28.550602806719688,62.64593121314402,391933.17566989025,0,0
2025-07-09T13:40:12.177946,34.69963003457193,17.209121798662956,335830.1440427188,0,0
2025-07-10T02:18:12.177950,36.86414910350656,29.17088045683194,328866.50527903764,0,0
2025-07-16T11:37:12.177953,25.50283656356532,36.37880636446044,731251.6956728616,0,0
2025-07-14T05:29:12.177957,31.29468488851451,52.26345718011437,505534.2506699233,0,0
2025-07-14T13:42:12.177960,32.59870462904535,42.18990844089683,545286.6984219966,0,0
2025-07-10T02:40:12.177963,33.717443977460285,71.70365838055483,768937.212241452,0,0
2025-07-16T03:52:12.177967,32.32797971725626,57.490257134472365,494569.38933453837,0,0
2025-07-12T06:46:12.177970,40.153449853296216,61.61474516777621,694214.1085141951,0,0
2025-07-11T07:45:12.177974,26.501250393344833,57.57998765871375,581495.690767742,0,0
2025-07-09T16:44:12.177977,4.569783108462037,46.00387018163642,546744.8732925545,0,0
2025-07-11T02:34:12.177980,16.68247522153791,37.72346580468127,650002.7897090723,0,0
2025-07-10T09:01:12.177983,38.293151988765,44.08231639987531,506435.817006659,0,0
2025-07-14T19:46:12.177987,44.351754290487605,42.259528721135126,1005472.5361857233,0,0
2025-07-14T04:40:12.177990,34.487271676736725,50.89829557984804,714824.3353058322,0,0
2025-07-15T20:10:12.177994,19.471697166321,41.46504492879125,499778.66132596217,0,0
2025-07-12T12:42:12.177997,21.332507006280935,25.028653493175696,510046.5435815669,0,0
2025-07-11T03:20:12.178000,26.11077313124013,40.78197347183977,685199.806921788,0,0
2025-07-16T10:12:12.178004,39.920953765654374,37.65556638903274,777628.8235560049,0,0
2025-07-12T13:28:12.178008,39.05537660857317,53.41946990401361,59563.93971622968,0,0
2025-07-15T06:01:12.178012,30.414479689210413,6.858328338163616,489315.3277498861,0,0
2025-07-09T15:28:12.178015,19.254686028142768,59.58369883060057,477498.09999410756,0,0
2025-07-12T13:28:12.178019,42.3137033373688,36.35611061296247,406505.3540705995,0,0
2025-07-11T17:49:12.178022,22.982306262331676,65.16445108066075,507914.41497505276,0,0
2025-07-12T09:31:12.178026,25.056166455941288,31.56041828957491,582677.4573884385,0,0
2025-07-14T18:10:12.178032,26.424671904709594,50.63012235661178,743619.48879399,0,0
2025-07-12T15:26:12.178036,34.6994616146238,33.85472584984881,652260.014464885,0,0
2025-07-14T10:35:12.178039,28.483736220008545,52.766094292945866,386450.6757731404,0,0
2025-07-13T08:41:12.178042,29.927250568937993,25.913137721026313,601921.7478231959,0,0
2025-07-16T04:23:12.178048,27.637815006837165,46.603303915022636,843684.3620042062,0,0
2025-07-12T13:10:12.178051,20.2121411786743,51.32631348385605,575421.9719988434,0,0
2025-07-13T08:41:12.178054,25.840617194447162,31.230632562764697,397512.96650048916,0,0
2025-07-14T02:25:12.178058,29.551077667908423,57.189836866487084,275346.89905466075,0,0
2025-07-16T12:10:12.178062,46.72754526646129,42.165553560179745,588324.8840181422,0,0
2025-07-10T17:30:12.178065,18.615530181240906,36.299907214198434,458937.7667322345,0,0
2025-07-13T16:15:12.178069,38.749961817462115,31.158560205839468,272124.5939056107,0,0
2025-07-09T16:44:12.178072,44.85928607782763,22.651850152140014,580644.1005731033,0,0
2025-07-10T11:59:12.178075,7.06143268440179,44.45379179844376,477208.3536207835,0,0
2025-07-14T00:38:12.178080,28.188619909548514,58.031935176070014,699762.6884342348,0,0
2025-07-13T05:39:12.178085,36.58942545723755,45.463949476224975,440314.1072459162,0,0
2025-07-15T08:31:12.178088,31.074337769316454,0.0,482177.5617446269,0,0
2025-07-12T02:49:12.178092,25.779105460946234,35.210700986660825,806703.2509198486,0,0
2025-07-09T18:16:12.178096,20.19328758753189,37.122486034207235,378473.7944647828,0,0
2025-07-12T04:34:12.178099,24.8054986112719,74.45121881163628,438734.0732043,0,0
2025-07-11T01:00:12.178102,25.461506505093443,36.3383025083582,383449.07299355685,0,0
2025-07-15T10:58:12.178106,40.04859431694656,32.9575579274388,381518.04698877316,0,0
2025-07-15T07:52:12.178109,41.159632606932774,65.50825957561577,475659.4106025376,0,0
2025-07-10T11:31:12.178112,33.30077667976593,37.209943680314495,381301.846211969,0,0
2025-07-12T23:42:12.178116,47.38806661804763,34.306031860037145,406000.0024083997,0,0
2025-07-10T18:48:12.178119,32.90945566485495,42.68852168346953,360742.00174719794,0,0
2025-07-12T04:21:12.178122,19.94382295585704,48.535726844547206,422837.26108697156,0,0
2025-07-16T01:34:12.178125,20.340249901263086,61.346285257860615,712121.9105054395,0,0
2025-07-15T17:57:12.178129,29.473684523877917,70.92256279282142,88683.86486755242,0,0
2025-07-13T12:16:12.178132,44.22472754849164,51.71571598393228,641602.0111838331,0,0
2025-07-10T13:13:12.178135,50.21081141394572,37.59956269462702,802028.0971323653,0,0
2025-07-12T10:00:12.178139,22.28407480185924,16.40044309309262,620585.4424975115,0,0
2025-07-12T19:13:12.178142,22.357152437107583,23.24717836051963,187296.67930292076,0,0
2025-07-12T22:29:12.178145,26.080526415445448,10.905196235161306,156997.7701097774,0,0
2025-07-13T22:25:12.178150,30.129292002617397,43.852326679668906,490508.74466496514,0,0
2025-07-15T14:11:12.178153,26.035582386198637,28.306355704790626,358529.60746533936,0,0
2025-07-15T06:38:12.178156,35.64673993087278,35.40937072046173,369519.4539406702,0,0
2025-07-10T19:28:12.178160,29.7280935297481,25.985354924875516,598700.1094492616,0,0
2025-07-14T03:46:12.178163,34.5531851430199,24.999710201167844,554805.8617736181,0,0
2025-07-14T04:22:12.178166,34.433134217957345,61.124059716749514,268729.84599044704,0,0
2025-07-15T16:50:12.178169,43.24275622668626,36.50179439753913,693255.4968261035,0,0
2025-07-12T04:01:12.178173,23.943025234838792,49.744695066757416,726059.5268253804,0,0
2025-07-13T21:20:12.178176,25.732450372680102,41.15337945242881,294456.51740426954,0,0
2025-07-11T19:50:12.178180,33.73235018837845,52.48137955263538,399852.51347937546,0,0
2025-07-12T05:00:12.178184,37.93620365639624,55.67235794057751,570383.8171631619,0,0
2025-07-11T03:41:12.178188,11.955283931529362,44.54110470651502,348985.0828532744,0,0
2025-07-12T06:49:12.178191,42.43838777132036,30.26280098113908,282370.9863463851,0,0
2025-07-10T10:19:12.178195,39.25421495379074,29.47498268419016,582897.224021288,0,0
2025-07-15T04:24:12.178198,21.35174046098726,61.58975037740887,355000.3452899038,0,0
2025-07-14T23:36:12.178201,40.47910691217371,52.71138712112905,508420.4164227421,0,0
2025-07-09T19:59:12.178205,36.09797770166824,61.92795201240113,199347.74846630055,0,0
2025-07-10T13:18:12.178209,34.841646897919766,28.470811118667783,450291.1850753995,0,0
2025-07-14T12:13:12.178212,7.33314503405942,55.668603117673484,763100.7479920669,0,0
2025-07-13T22:23:12.178217,58.351564406179136,44.440641330406656,123169.38349154027,0,0
2025-07-15T15:22:12.178220,38.42862892079145,39.702644035914744,561004.0211081275,0,0
2025-07-14T16:26:12.178224,13.36577171213484,44.956786375318664,198059.6868982261,0,0
2025-07-12T01:25:12.178228,18.85316126993617,35.650604103665216,426823.28932839347,0,0
2025-07-14T17:02:12.178231,15.436527539159272,23.269051025745174,223159.1872592108,0,0
2025-07-09T13:20:12.178235,31.744231984367914,6.645767260113537,511666.1225739681,0,0
2025-07-15T01:51:12.178238,45.30204203451133,30.435487983931583,1622.3522978735855,0,0
2025-07-10T21:59:12.178241,24.848879912971693,14.959134475173055,759380.662870426,0,0
2025-07-09T23:02:12.178245,30.253974443626507,39.1859529396328,710931.0121440926,0,0
2025-07-12T10:16:12.178248,42.5135017499546,58.95458056345694,168067.0875263955,0,0
2025-07-10T22:10:12.178251,41.218707779709774,29.59702014195833,582141.46383119,0,0
2025-07-14T11:07:12.178255,25.929911916420423,33.58147960858042,578649.4515146817,0,0
2025-07-10T13:39:12.178259,39.50733487482791,26.909860997251457,636171.763096293,0,0
2025-07-10T15:04:12.178262,27.50721039754655,49.42928952376231,823246.9029488796,0,0
2025-07-10T12:26:12.178266,43.26665798726481,54.49109049910845,404355.4874923207,0,0
2025-07-13T21:00:12.178270,25.141607967666236,65.88181458182694,481783.886332407,0,0
2025-07-10T00:59:12.178274,23.657020434747004,48.52654699856929,836112.9271440805,0,0
2025-07-11T23:53:12.178277,23.360471397175,18.320381009853918,308801.8432627801,0,0
2025-07-09T17:48:12.178281,30.482367736122793,21.42222173944022,398911.7387476582,0,0
2025-07-14T02:29:12.178284,17.499647364217303,45.274239998818196,434736.53042272036,0,0
2025-07-15T13:09:12.178288,12.356956335916127,15.765010198088106,634645.611140609,0,0
2025-07-11T14:13:12.178292,36.86987058641925,35.978119333548236,142343.24011433154,0,0
2025-07-13T22:56:12.178295,30.656537198923527,48.93917146701194,625479.9389199765,0,0
2025-07-15T09:17:12.178298,42.886834028866545,44.553332583443165,541929.2029901503,0,0
2025-07-16T01:37:12.178302,30.100703833726218,74.827857285987,883395.1804802602,0,0
2025-07-14T06:20:12.178306,55.98700055422876,38.63735920719163,407777.2024442783,0,0
2025-07-09T18:24:12.178309,34.83835331084937,15.380217460444747,647543.69511247,0,0
2025-07-11T04:20:12.178313,42.0474602417666,38.28742642333653,328536.34527070075,0,0
2025-07-12T20:23:12.178316,40.88994641646648,18.642843103373032,476826.52425465226,0,0
2025-07-14T03:17:12.178320,50.38244467576177,59.2780846942637,397425.0918508545,0,0
2025-07-12T19:24:12.178323,24.905412409546134,55.09609939644099,596531.3570121037,0,0
2025-07-09T19:03:12.178326,42.046185938852304,49.32993125999719,387746.1449318636,0,0
2025-07-10T14:49:12.178330,23.651373062432285,35.185880962418324,769458.8255431922,0,0
2025-07-12T16:10:12.178333,21.995727469255918,53.53048335044603,527158.5879780909,0,0
2025-07-11T23:55:12.178338,46.72555243532299,30.40872779026998,863774.0325022313,0,0
2025-07-12T05:30:12.178341,28.325431921370157,37.484460829156475,324671.9780658294,0,0
2025-07-12T06:29:12.178345,28.339658317909418,14.315487220361412,477731.54731641273,0,0
2025-07-10T14:36:12.178348,6.273136073299952,35.47560810987193,0.0,0,0
2025-07-09T19:02:12.178351,37.85542466988879,47.832180613961185,600557.6803036474,0,0
2025-07-12T11:09:12.178356,45.727229139956066,33.15383053960284,744191.7480082221,0,0
2025-07-13T13:28:12.178359,34.630562611897496,32.98410852380572,689188.0874216219,0,0
2025-07-14T20:33:12.178362,29.899149109441574,36.156474123652984,569522.1765586644,0,0
2025-07-12T23:51:12.178366,31.63829807861103,28.89498537011546,105153.81367905781,0,0
2025-07-11T13:32:12.178369,21.96838752163274,53.643174044727,582911.349190939,0,0
2025-07-12T17:28:12.178372,44.07640315281772,18.401227028323703,587616.3115543543,0,0
2025-07-09T21:19:12.178375,26.634113900460296,23.60810428181805,852323.524731823,0,0
2025-07-15T08:48:12.178378,21.47677783891802,35.76016081485052,513956.2775746056,0,0
2025-07-12T07:44:12.178382,33.08111496116488,52.8180186430703,356465.47730547097,0,0
2025-07-14T01:05:12.178385,37.35295138141143,27.86101162971988,662634.6444088982,0,0
2025-07-10T16:19:12.178388,10.775707025648064,41.95060994241203,167408.55495033704,0,0
2025-07-10T23:43:12.178391,37.19870034172207,44.234427893736004,435630.75843111816,0,0
2025-07-15T07:33:12.178394,31.476718050008653,52.47506403382491,565006.7069527837,0,0
2025-07-16T00:43:12.178397,21.781982610030347,46.11502099689289,438122.81089516386,0,0
2025-07-11T23:21:12.178400,42.61534688464038,27.123014841480035,335602.8967213916,0,0
2025-07-11T10:26:12.178404,12.266775221911487,69.43845174160631,670289.3197536633,0,0
2025-07-10T07:52:12.178407,16.147834926317472,39.805822226081276,874863.5062107865,0,0
2025-07-14T23:49:12.178410,39.95293917504828,30.732395400104334,216278.09026134625,0,0
2025-07-13T01:06:12.178413,20.601115492450685,18.459096763705645,198368.09965396463,0,0
2025-07-11T13:16:12.178417,30.736258486273332,48.06155247228386,692073.522634772,0,0
2025-07-11T14:28:12.178421,25.85821256854268,14.47042564143149,401947.81493784493,0,0
2025-07-15T04:25:12.178425,20.397216830978355,51.01862012743305,732583.7227285289,0,0
2025-07-11T05:26:12.178428,36.541356906781395,54.368065190376214,334946.05396207614,0,0
2025-07-14T09:49:12.178432,26.05926725026269,29.92972756247766,572950.8475159364,0,0
2025-07-15T15:51:12.178436,52.068532005944405,8.066420205339483,766657.4337324441,0,0
2025-07-11T03:59:12.178440,32.95919907819322,27.243557301065543,437282.84372979216,0,0
2025-07-10T23:13:12.178443,29.769150832390075,38.89759883640571,367623.9919623914,0,0
2025-07-14T22:52:12.178447,37.677268884119755,60.76050716736758,739652.5058895561,0,0
2025-07-11T02:58:12.178450,11.228106510662343,33.95284208768611,336613.66364178597,0,0
2025-07-11T19:05:12.178453,29.064613129153294,30.043823984895674,430247.39374263305,0,0
2025-07-10T07:02:12.178457,25.989808046468475,59.36794220391948,554440.9809759895,0,0
2025-07-11T06:52:12.178460,21.89754088993915,71.18635299321691,884328.8399162672,0,0
2025-07-13T02:58:12.178463,51.47769991061658,64.12662265756983,627650.6886358581,0,0
2025-07-10T20:27:12.178466,31.62101892085991,41.17788068662179,272873.81890482723,0,0
2025-07-13T05:23:12.178470,19.743471566803237,43.1302437604001,318709.7051770333,0,0
2025-07-11T13:41:12.178473,27.00272279992874,5.951992410867376,675691.7039333659,0,0
2025-07-12T19:39:12.178477,23.1304180306105,33.21376595517031,429489.8785956929,0,0
2025-07-11T00:42:12.178480,33.51539180726904,43.22035778682646,352218.5934141447,0,0
2025-07-09T13:33:12.178486,28.597140492785297,48.410912319918445,659756.86150105,0,0
2025-07-10T13:05:12.178491,43.64128054350749,33.36777549606936,647725.3009156892,0,0
2025-07-10T15:05:12.178495,42.37254934660743,32.09549218232101,431282.8420193811,0,0
2025-07-10T20:55:12.178499,30.2153413642117,38.558143278563726,536259.4066649294,0,0
2025-07-12T15:22:12.178502,39.461937846089846,33.9790160718049,52935.290261026064,0,0
2025-07-11T18:20:12.178506,28.7391864603671,41.38652358671018,351603.6962238989,0,0
2025-07-16T06:34:12.178509,31.630952536113075,38.75841118956279,278898.36434103095,0,0
2025-07-11T06:26:12.178512,23.834008680739178,46.18330090510382,607848.934111453,0,0
2025-07-13T03:50:12.178516,47.80916553511507,42.95092469452436,580004.395192807,0,0
2025-07-09T19:15:12.178519,22.663970169238166,14.996447975739308,500404.3960003696,0,0
2025-07-10T12:49:12.178522,32.342987848105665,59.8628294142179,486270.19218385225,0,0
2025-07-15T03:34:12.178526,20.08213559104122,28.843583857602503,333935.5329162203,0,0
2025-07-11T02:41:12.178529,20.60047228427643,39.857073599444064,400284.37697463826,0,0
2025-07-14T00:59:12.178532,27.41608087851737,36.831306052233806,439182.8968684256,0,0
2025-07-14T22:25:12.178535,29.793612702035897,37.81416862732966,718749.9935356394,0,0
2025-07-14T14:40:12.178538,49.225435205702766,10.584741432329992,651583.3893343771,0,0
2025-07-14T05:14:12.178542,39.27656169967545,68.58250003042846,389666.5843981912,0,0
2025-07-10T20:47:12.178545,21.980778385735462,36.3364523212044,429512.5501595172,0,0
2025-07-10T02:45:12.178548,32.529174986169075,44.34760034941118,547973.3922301626,0,0
2025-07-12T17:21:12.178551,39.154203476643254,17.565453957584758,296133.1821901174,0,0
2025-07-13T07:54:12.178555,35.962519476009476,19.718786166136645,977025.1715731185,0,0
2025-07-14T22:54:12.178559,18.995260044077227,40.70116023565353,278939.12560912594,0,0
2025-07-10T06:56:12.178563,28.560910905021608,46.85466003164159,266265.4398736797,0,0
2025-07-10T21:15:12.178567,29.57348992585428,40.129301354653045,638206.8102975466,0,0
2025-07-09T23:50:12.178570,36.64963916607762,68.76556489510583,888833.199038409,0,0
2025-07-16T11:58:12.178574,18.20041253847203,50.890233768476584,428723.2128151008,0,0
2025-07-15T01:12:12.178577,31.472205477758095,43.7103026495285,634576.664620425,0,0
2025-07-15T21:50:12.178587,27.074971447345114,20.314580546104974,719607.7466563901,0,0
2025-07-09T13:25:12.178591,45.03736206807719,66.15505075149778,323512.30499995087,0,0
2025-07-10T08:16:12.178595,28.88614644343507,31.449316831008403,573009.8834017226,0,0
2025-07-15T21:11:12.178598,28.236162915914125,30.184868250697377,370081.189239937,0,0
2025-07-14T08:31:12.178601,9.975791119762611,17.512767800729776,489222.74230493384,0,0
2025-07-13T17:52:12.178604,49.08714986304375,43.504436304760084,526159.2392116478,0,0
2025-07-13T15:38:12.178608,43.48262291090622,9.8675758835371,769708.6970041336,0,0
2025-07-09T14:06:12.178612,29.436498509157794,67.67026297153379,387106.92165319406,0,0
2025-07-10T21:41:12.178615,18.21759199446752,32.22751470425568,564995.4566209109,0,0
2025-07-12T01:08:12.178619,35.03929984698084,24.033661071502998,208342.9900199137,0,0
2025-07-10T00:51:12.178623,33.92504253703069,12.187875727490024,541223.2712914668,0,0
2025-07-13T00:56:12.178627,48.435657220755346,19.38479740536052,697379.8066905795,0,0
2025-07-11T08:59:12.178630,29.54963104953951,34.00202776123438,279730.13038466696,0,0
2025-07-11T03:50:12.178635,25.630129787374884,53.30482873208899,504405.23029012023,0,0
2025-07-15T18:55:12.178639,34.789669997701225,50.344703508142636,552356.964005149,0,0
2025-07-11T04:23:12.178643,23.84706150894603,67.28983626341619,683785.9044344467,0,0
2025-07-14T09:34:12.178647,39.6991887683515,43.926201081198634,334201.29087523697,0,0
2025-07-15T21:26:12.178650,55.258859282748205,45.15257787672918,539415.235521848,0,0
2025-07-10T19:51:12.178654,35.1533324164425,60.83759941669413,535013.5363937655,0,0
2025-07-11T04:09:12.178657,39.509599777142974,47.01203658581536,556104.455301497,0,0
2025-07-15T03:09:12.178661,23.51090944409683,55.28317479863639,599727.2050620578,0,0
2025-07-12T02:38:12.178665,46.82271365780309,27.530834640727534,300248.9266798623,0,0
2025-07-14T11:58:12.178668,47.550340004546314,18.373943600179373,697441.3716478719,0,0
2025-07-12T03:55:12.178671,40.40144966259026,57.743561339594656,478425.3007092534,0,0
2025-07-10T06:50:12.178674,45.098550993740275,60.28491130693966,836608.4234522935,0,0
2025-07-14T08:13:12.178678,43.546304780466514,29.50633558739105,492224.73783752305,0,0
2025-07-14T00:34:12.178681,40.99447541996049,27.42925354377605,146872.18620197772,0,0
2025-07-11T06:15:12.178685,32.49505708253011,44.346180715654356,593008.3817998894,0,0
2025-07-14T19:06:12.178689,24.15010953277598,43.14100017006862,637921.6911595254,0,0
2025-07-12T17:20:12.178692,19.627905275563016,57.68412851408796,172061.94972783036,0,0
2025-07-12T01:02:12.178696,24.702924050475673,41.13922840571268,419668.65869244136,0,0
2025-07-12T13:55:12.178699,31.41631749750432,30.704489642458064,169555.06401065004,0,0
2025-07-13T17:05:12.178702,11.184746090556924,37.75660422142402,834695.2833082711,0,0
2025-07-12T20:52:12.178707,28.691304442886,46.91339987519805,382767.4008414616,0,0
2025-07-15T09:24:12.178711,26.11948586558038,23.5984971525804,649698.036734702,0,0
2025-07-15T17:21:12.178715,31.44654237111101,13.444080520968434,506743.92452648166,0,0
2025-07-13T22:32:12.178718,30.081285605978024,39.057537906311474,548933.3032341722,0,0
2025-07-13T18:14:12.178721,18.886985742476128,61.43149154175443,610046.2722772892,0,0
2025-07-16T07:01:12.178725,26.42468540980539,11.51790078392331,492092.0258495248,0,0
2025-07-10T05:16:12.178729,45.43443242464183,71.26225110325686,568867.9363940017,0,0
2025-07-16T10:40:12.178733,24.296011420712304,44.77079410290947,320483.20859226957,0,0
2025-07-15T10:55:12.178736,8.976608507890074,32.190124943747726,784104.9155978845,0,0
2025-07-14T08:00:12.178739,62.38750700081038,33.2758476085279,532191.7954557082,0,0
2025-07-15T21:58:12.178743,14.105173970726225,45.70281294001108,551637.0745100057,0,0
2025-07-15T13:47:12.178746,28.83050591000215,24.626784943879812,694819.8115857076,0,0
2025-07-12T14:39:12.178750,46.33792059631183,57.47719779203143,538756.4077158632,0,0
2025-07-12T22:41:12.178753,43.59755043689782,23.659394102461082,397545.42700016324,0,0
2025-07-16T06:43:12.178757,34.14477827708857,31.391271240702533,865458.8172836016,0,0
2025-07-13T12:26:12.178760,29.441651729640117,35.74045832501242,545768.3873030223,0,0
2025-07-11T07:59:12.178763,28.091653615915494,36.165742530217926,363394.70181206963,0,0
2025-07-14T05:13:12.178767,45.5007217405679,46.52688812922986,963652.581472931,0,0
2025-07-10T13:47:12.178770,37.65510686616203,47.543231943868236,188286.33824425243,0,0
2025-07-13T09:39:12.178774,27.244560699981818,34.666279198762915,778535.5010513132,0,0
2025-07-13T06:47:12.178778,21.619096479955655,12.37666324083272,189214.2909042663,0,0
2025-07-14T23:53:12.178782,29.592503595445454,43.375215859679855,474455.8581836496,0,0
2025-07-14T12:46:12.178785,38.185142568654285,49.54546127396131,419628.78403900843,0,0
2025-07-15T04:36:12.178788,24.840826087563276,48.233602431202456,857183.7443551857,0,0
2025-07-16T07:12:12.178793,23.41361435108218,37.28669833240047,441570.2988656235,0,0
2025-07-12T13:22:12.178797,35.89295186762004,30.279921823376657,563872.3366446814,0,0
2025-07-11T01:03:12.178800,35.31106745138739,43.49695540272156,332286.92559360876,0,0
2025-07-13T11:41:12.178804,36.724606572125936,34.222033180158014,575325.3812584844,0,0
2025-07-15T06:31:12.178807,26.905362342379036,1.7903007852984416,476546.2030176407,0,0
2025-07-16T00:07:12.178813,36.93025360974251,43.50739542627704,700892.8552428416,0,0
2025-07-10T15:40:12.178816,32.444416857057575,30.782478797722447,661942.5054277027,0,0
2025-07-11T11:01:12.178820,29.111060191849937,24.454490480872323,532385.8702674331,0,0
2025-07-15T22:54:12.178823,37.02832463739793,28.844967593440565,381688.80630497733,0,0
2025-07-10T23:24:12.178827,40.56719122396303,77.73519312531796,50280.318444997654,0,0
2025-07-14T06:14:12.178830,26.79146886187668,32.420321185185806,302843.5869649617,0,0
2025-07-09T23:32:12.178834,43.019564684329396,58.563588981243385,800248.729854805,0,0
2025-07-15T15:58:12.178838,22.9132618549383,42.95091813972412,443420.67237907386,0,0
2025-07-13T21:37:12.178841,26.619918724988263,76.199283111113,209081.17355037556,0,0
2025-07-13T14:31:12.178844,42.10974782801074,44.41271213331579,869110.7342931135,0,0
2025-07-16T10:12:12.178849,54.05323040315207,43.467549211050994,315102.3962013539,0,0
2025-07-13T10:09:12.178852,31.58814813369777,40.407886031496155,512900.8658523889,0,0
2025-07-15T13:40:12.178855,24.65315367393428,62.74889267792631,818734.9083038324,0,0
2025-07-12T02:12:12.178859,24.600747543821367,29.280886215191234,871413.8907829522,0,0
2025-07-13T15:12:12.178862,9.79462297754559,26.764957913329543,367250.48051998205,0,0
2025-07-11T23:58:12.178866,15.563075450935546,36.020218617111695,476828.59621552925,0,0
2025-07-14T00:42:12.178869,42.86316673485715,20.9191323320452,313698.32034072676,0,0
2025-07-11T17:22:12.178873,7.546406529790204,41.23342877653235,622524.8618013457,0,0
2025-07-10T09:51:12.178876,21.96282529414315,36.59867169333324,438124.1798825306,0,0
2025-07-15T13:13:12.178879,18.585454660075104,47.39989847552339,334372.8840573227,0,0
2025-07-12T13:59:12.178882,33.95041436053696,25.899133659389516,461053.18803963135,0,0
2025-07-13T23:51:12.178885,45.38746836159223,26.270729945690398,684768.5097349776,0,0
2025-07-15T06:35:12.178889,11.920302604983387,27.455814511272266,466493.6646943266,0,0
2025-07-11T12:06:12.178892,30.716121697781983,35.146627256179606,897500.3195678613,0,0
2025-07-11T17:50:12.178896,29.045832707962948,46.27654001718674,779084.8033683395,0,0
2025-07-14T15:59:12.178899,37.80778728913016,62.78029746341308,566218.9030216272,0,0
2025-07-12T06:59:12.178902,36.34383402965242,31.001975792118444,236310.33725602116,0,0
2025-07-16T02:56:12.178905,42.84678480403022,38.78476417792999,434701.31705530605,0,0
2025-07-14T02:31:12.178909,38.91310859624142,35.05198632514516,665455.6732839653,0,0
2025-07-16T11:53:12.178913,16.11032959196614,43.483602106352286,505952.2383651148,0,0
2025-07-12T02:09:12.178917,27.503966427899268,38.31964606047406,233906.2819041888,0,0
2025-07-12T13:24:12.178920,23.016867503997226,36.676981644201305,335036.6833962528,0,0
2025-07-16T05:53:12.178924,37.69647416857982,52.86374332627116,962860.1326814229,0,0
2025-07-14T02:45:12.178928,36.67533725186359,43.19242563424835,749411.792517969,0,0
2025-07-13T07:58:12.178931,34.932712181562906,31.496678839648922,479167.75848386483,0,0
2025-07-15T18:00:12.178935,51.369471283620456,30.720609379655276,201574.4827842099,0,0
2025-07-10T13:52:12.178939,52.53699446298825,33.63340310682326,748926.7584018658,0,0
2025-07-10T11:41:12.178942,38.377530749882744,54.43687666861283,835783.2813776946,0,0
2025-07-10T15:14:12.178947,43.73124030890483,56.915550816299685,461599.47733452683,0,0
2025-07-12T09:47:12.178951,21.75532180032081,39.54745023586394,724750.4225187701,0,0
2025-07-15T03:02:12.178954,22.318617266742645,47.53628327759501,476892.78421793703,0,0
2025-07-10T11:44:12.178959,40.641489045755506,47.70568687144423,861204.5876484597,0,0
2025-07-14T18:22:12.178963,53.54342528663675,43.41446924382142,249262.11078738412,0,0
2025-07-13T09:05:12.178966,26.379713776496576,62.81898468378576,387822.8190481296,0,0
2025-07-10T11:19:12.178969,26.41731362347707,55.699209637293215,706954.099486549,0,0
2025-07-13T17:22:12.178973,22.57232196001942,47.24338623623135,654392.203050139,0,0
2025-07-13T00:45:12.178976,25.844511130902884,42.395527464054545,407942.6937637321,0,0
2025-07-16T05:54:12.178979,40.87843145975235,47.75142713702851,625492.4971005981,0,0
2025-07-15T23:36:12.178982,17.100780298500524,46.3497694607979,420115.18718363973,0,0
2025-07-12T14:17:12.178987,36.883335378068736,58.8283880974953,352700.6562931004,0,0
2025-07-10T14:17:12.178993,5.539567626073207,15.390009397638288,396078.0778668428,0,0
2025-07-12T02:31:12.178997,32.467399244721264,15.697463982606,264899.0458276321,0,0
2025-07-15T13:43:12.179000,23.986848013832667,34.62727604472018,621862.6024941322,0,0
2025-07-10T19:33:12.179004,32.6904586287435,50.44567581234863,242298.5237383534,0,0
2025-07-12T02:51:12.179007,29.471011778508785,32.002113093045,336654.0364957069,0,0
2025-07-11T19:16:12.179010,31.489994421780683,41.60068375617652,332466.3392605453,0,0
2025-07-11T11:02:12.179013,20.720734177159642,43.12280511543238,995161.3282328497,0,0
2025-07-14T17:18:12.179017,20.29535469298481,15.763401812997131,370736.129877473,0,0
2025-07-14T19:11:12.179020,18.165157815366,20.255812037312985,360064.9738983759,0,0
2025-07-10T12:41:12.179024,23.14950025031255,40.567887113208066,550464.2206581638,0,0
2025-07-16T03:32:12.179027,27.95015275880919,37.909824346328215,578131.7177480644,0,0
2025-07-13T22:13:12.179030,26.452863596432632,73.20380215223302,716175.4798981776,0,0
2025-07-13T13:26:12.179033,51.24262440294389,49.62218877449425,398766.1202471472,0,0
2025-07-12T15:03:12.179037,24.194993758144033,56.07060680937836,422980.79279514257,0,0
2025-07-15T14:22:12.179041,25.070534645280503,23.756142618295737,708656.665215049,0,0
2025-07-13T22:26:12.179044,38.49290417422251,36.04369067602839,547812.6003010216,0,0
2025-07-16T03:48:12.179047,38.34483966472665,33.51150569998349,385534.19597641344,0,0
2025-07-14T11:05:12.179050,19.496988766739534,34.97712064197425,408391.8965332455,0,0
2025-07-16T03:52:12.179055,22.83140462039259,67.51386831671996,501672.1878307574,0,0
2025-07-15T19:37:12.179058,14.645291953597484,38.1173365223245,624739.0807303181,0,0
2025-07-14T04:23:12.179061,27.192661085119482,36.53068008925046,759087.1982624714,0,0
2025-07-15T21:51:12.179064,28.53873256981814,39.64878289108388,439106.67410574685,0,0
2025-07-09T23:54:12.179068,19.905925207312354,29.846676085117984,390885.29847898823,0,0
2025-07-11T22:00:12.179071,41.236190150473575,32.88137124137033,690090.486100157,0,0
2025-07-13T08:21:12.179075,30.854687631501935,34.43005747535317,542277.3172937412,0,0
2025-07-09T21:24:12.179078,39.49627669464385,38.80725040920819,544331.3099244824,0,0
2025-07-10T06:35:12.179082,30.254380457658037,61.17412060110955,357207.83937153383,0,0
2025-07-12T01:30:12.179085,53.02678662992768,28.628302706256967,738535.7421080295,0,0
2025-07-16T06:00:12.179089,8.689731772100153,28.08354203556082,348862.46593358926,0,0
2025-07-12T02:08:12.179092,21.782078262895723,34.06877338634556,485254.803485781,0,0
2025-07-11T20:02:12.179096,33.5323717649231,35.61884807469074,570534.3248962504,0,0
2025-07-15T06:48:12.179100,20.191729610495294,46.74138112536815,332004.2628495641,0,0
2025-07-14T11:57:12.179104,21.623473658601178,37.80871235382764,359560.40989339055,0,0
2025-07-11T09:13:12.179107,28.48685005627875,63.28593959854911,184284.44457084872,0,0
2025-07-11T14:46:12.179110,27.843147275210875,52.93860943544523,840884.8218984068,0,0
2025-07-13T02:45:12.179113,38.06791404677622,10.684876319839802,531603.5128907546,0,0
2025-07-10T18:37:12.179117,34.422395958898385,55.551820259490626,395135.4902534241,0,0
2025-07-13T14:23:12.179120,20.17101611934291,36.79110262182969,179746.11948942917,0,0
2025-07-11T16:33:12.179125,29.68030859835259,64.74401729761463,536292.2241438825,0,0
2025-07-15T16:12:12.179128,21.154811375588153,9.556235929669104,491741.2014078684,0,0
2025-07-12T19:05:12.179132,39.618719213144765,23.44704133088555,640741.5963817493,0,0
2025-07-11T18:39:12.179135,39.50200943782512,15.36840328568556,499479.70622556197,0,0
2025-07-12T11:07:12.179138,22.576669745454556,58.676075922182854,373400.2287419599,0,0
2025-07-14T04:24:12.179141,26.4560998527326,41.50149532420103,401651.4638972584,0,0
2025-07-12T23:15:12.179145,20.586000584741935,40.55087173413747,495967.01190326613,0,0
2025-07-10T03:00:12.179148,18.409650530599777,76.93836817240818,659067.8844303165,0,0
2025-07-15T13:57:12.179152,24.399982273980946,56.979410226917494,669885.3282619022,0,0
2025-07-15T12:01:12.179155,10.376355443365103,46.20874579377863,638618.4967661902,0,0
2025-07-10T22:07:12.179158,42.127265771471386,40.15873942623053,782218.6535607784,0,0
2025-07-11T07:15:12.179161,51.59463689371363,46.17456249550158,372166.7720942295,0,0
2025-07-14T08:07:12.179165,18.802560144172254,48.467074798265884,476526.1072793766,0,0
2025-07-10T05:44:12.179169,39.21127144899422,18.735650466866602,709192.5748455715,0,0
2025-07-11T16:04:12.179173,30.627173012493714,59.442381787899706,113335.69317655469,0,0
2025-07-10T22:59:12.179176,20.60358238677317,34.65609289319937,684457.2139406624,0,0
2025-07-11T04:43:12.179181,59.412439166850135,34.60010942714276,734337.7304218751,0,0
2025-07-10T02:33:12.179184,17.620309556649538,34.29301193168301,216291.56681907992,0,0
2025-07-13T22:19:12.179187,33.07450375167717,49.59081252910403,784311.0426715852,0,0
2025-07-13T09:41:12.179192,20.220803090540116,29.070538982994016,840442.7322223524,0,0
2025-07-10T03:54:12.179195,21.50354956734781,69.67104321478136,219153.01944999024,0,0
2025-07-14T02:37:12.179198,35.97355592686296,0.0,413186.50596247753,0,0
2025-07-10T06:04:12.179202,27.005585407093076,50.29085307266781,328962.28479610465,0,0
2025-07-14T21:42:12.179205,42.3435596006639,20.659082917510155,655607.1469845437,0,0
2025-07-15T10:50:12.179208,48.1342214075499,46.37408188173072,315008.4770195382,0,0
2025-07-11T11:55:12.179211,33.10063024472804,33.05673345950978,816829.5259944955,0,0
2025-07-09T18:42:12.179216,33.13328639242084,28.688396821765274,455599.9115786565,0,0
2025-07-12T03:07:12.179219,43.517071823081565,29.725298952356745,970304.6200114193,0,0
2025-07-12T12:45:12.179222,34.854796480348995,46.57970767423537,528127.1946787447,0,0
2025-07-12T23:26:12.179226,21.802985185093966,18.160241847085697,435986.8067267766,0,0
2025-07-14T04:58:12.179229,30.768878950145265,10.902539105484038,632457.9787022456,0,0
2025-07-09T13:34:12.179232,35.14464035809774,60.642659656792375,375987.8273260976,0,0
2025-07-11T04:45:12.179236,28.051718859552675,36.940057255080966,522481.940004122,0,0
2025-07-11T15:54:12.179239,21.78433498388592,45.9863441208447,584407.2775155454,0,0
2025-07-12T02:34:12.179243,47.45300316145766,28.837898996164895,580734.1302189924,0,0
2025-07-15T12:50:12.179247,34.408418273124276,40.502671505638986,345753.30662529136,0,0
2025-07-10T10:02:12.179251,29.071548876940437,39.96040542885503,634151.4567287271,0,0
2025-07-15T09:36:12.179254,13.329197277303106,18.935728261245334,945621.2795893389,0,0
2025-07-14T11:54:12.179258,39.52074393518791,52.90037347319516,863836.8162381379,0,0
2025-07-13T01:12:12.179262,40.75856446362769,43.89376547242865,481588.5999455897,0,0
2025-07-14T12:52:12.179265,34.64863077814581,49.14632995044595,471456.4861098888,0,0
2025-07-09T16:10:12.179269,39.149920099299095,32.79885407576231,429470.81109130516,0,0
2025-07-15T15:37:12.179272,25.987562736208975,41.422113726496946,555320.0407510637,0,0
2025-07-16T07:41:12.179276,23.749202461377415,30.593478830609556,309930.86702892755,0,0
2025-07-11T03:11:12.179279,25.35911448543021,45.568135591317315,371833.6850150757,0,0
2025-07-11T12:41:12.179283,32.29577346854012,50.427735165212695,626673.7343988912,0,0
2025-07-12T12:15:12.179286,30.555156591320955,39.62246515036792,426362.63936395,0,0
2025-07-12T08:05:12.179289,31.359817481184415,46.80714374189521,505910.37557821773,0,0
2025-07-10T09:56:12.179292,19.493321883847248,52.937155579028996,322801.99784974207,0,0
2025-07-10T05:26:12.179296,36.1315315802386,29.09225134615984,800889.2345868769,0,0
2025-07-14T04:37:12.179299,46.715432432255426,30.065669741012403,791051.1206614758,0,0
2025-07-12T06:19:12.179302,37.1723461837636,42.1005371889996,977119.3522212363,0,0
2025-07-11T21:47:12.179306,35.702069136068836,33.71468763895661,860107.4276557793,0,0
2025-07-15T01:24:12.179309,35.5918618367141,32.39406314266673,258421.31017555113,0,0
2025-07-11T05:48:12.179312,28.18771010317102,41.22212840026809,223112.08758378803,0,0
2025-07-11T06:19:12.179315,22.129924585200193,76.52564937930158,354655.25729259383,0,0
2025-07-13T13:38:12.179319,31.915048885680335,35.8473336075995,559733.8344828562,0,0
2025-07-11T02:15:12.179322,29.855341680427596,47.890423309710854,516582.94951973704,0,0
2025-07-15T16:17:12.179326,39.12297940605545,57.202356329721,740359.8592723813,0,0
2025-07-14T10:31:12.179330,21.84330717002792,21.71728801388689,378489.1350765646,0,0
2025-07-15T05:15:12.179334,24.593102114017938,45.453703666386744,196087.98426337977,0,0
2025-07-15T22:11:12.179337,19.39762168622109,51.8429274700633,732541.3065286212,0,0
2025-07-12T02:28:12.179340,43.39380854832433,37.198901662315876,630879.7068212521,0,0
2025-07-13T14:35:12.179343,31.06955928539098,39.42537447664354,453506.640582986,0,0
2025-07-10T19:39:12.179348,19.451977711804954,43.20597340824771,437986.3528615045,0,0
2025-07-15T05:19:12.179351,35.46973905303447,35.92376460495369,133348.77270199975,0,0
2025-07-10T21:06:12.179355,44.96575188444123,48.88389995541129,806379.1472598164,0,0
2025-07-14T05:31:12.179358,39.697787778216906,42.40661574887907,165975.9400490236,0,0
2025-07-10T16:45:12.179362,40.328101218159205,45.864150084047,212355.69440232654,0,0
2025-07-11T00:08:12.179366,19.60021934986896,43.536072577182495,675929.8021671509,0,0
2025-07-15T01:17:12.179369,30.174385724215174,44.67074292418601,195946.70483864262,0,0
2025-07-12T20:03:12.179372,34.67488747387547,9.428537679686983,786509.2653242514,0,0
2025-07-11T06:05:12.179376,38.21860605257428,26.316341095685672,235539.28702638205,0,0
2025-07-15T14:07:12.179379,35.81258153881808,54.29033916339689,509271.68664564623,0,0
2025-07-14T11:56:12.179383,14.926212751277873,38.53570653185075,0.0,0,0
2025-07-16T01:46:12.179386,29.467853671452716,38.29458187096031,488110.40528896684,0,0
2025-07-11T10:01:12.179389,41.47341901005751,33.17159554459602,376724.4819288767,0,0
2025-07-10T09:54:12.179393,34.798061438657044,44.48433513880257,495358.52849346766,0,0
2025-07-13T17:20:12.179398,27.908405606410366,38.62318262646232,675127.4877230544,0,0
2025-07-15T02:46:12.179402,38.746693688559326,49.16015147830483,595450.4763991729,0,0
2025-07-11T22:41:12.179406,35.12669952933361,29.01713626363634,186006.52645098534,0,0
2025-07-12T02:28:12.179410,36.4658959172997,29.67909116994661,373911.64084738225,0,0
2025-07-10T09:42:12.179413,40.46974525555218,24.332584342765323,623652.8127585523,0,0
2025-07-14T15:09:12.179416,22.283904531567366,45.642068416187016,199210.07031207666,0,0
2025-07-10T18:19:12.179419,31.861193903703704,46.12696051572706,187226.908551094,0,0
2025-07-16T12:25:12.179423,18.687384427664718,24.581761277431085,328225.0238668479,0,0
2025-07-13T21:00:12.179426,16.196441185278648,12.645456295200958,665187.3705238318,0,0
2025-07-12T15:26:12.179430,49.97261150786123,36.254772972564275,514653.17702344764,0,0
2025-07-09T16:55:12.179433,42.32211998052087,54.208348161552564,711512.6066337648,0,0
2025-07-12T11:16:12.179437,27.167580546776392,46.41179524737508,487736.00060825626,0,0
2025-07-15T05:04:12.179440,18.60432505567823,42.44773040897237,471905.04183869605,0,0
2025-07-12T11:40:12.179444,18.02022796231557,73.92181416492866,411594.14286659256,0,0
2025-07-13T09:44:12.179447,43.53894890514672,27.804111703936492,837616.9944882924,0,0
2025-07-14T13:21:12.179450,36.460981484586775,38.16929293977334,424482.8604078444,0,0
2025-07-16T04:22:12.179454,38.71650445843327,47.9167023344906,312574.07411634666,0,0
2025-07-10T07:58:12.179457,40.061451424518594,26.290810657666533,294209.51434923755,0,0
2025-07-16T01:53:12.179461,14.32439363424895,13.49848414167472,772101.179893094,0,0
2025-07-09T20:42:12.179466,25.661185010997514,32.682680240834834,658422.7896598647,0,0
2025-07-10T01:40:12.179469,21.287937755036403,34.02631970044918,700302.7315165886,0,0
2025-07-14T16:53:12.179473,45.94436287967479,67.8096934053477,476402.16268367146,0,0
2025-07-09T17:27:12.179476,27.061984686077956,34.41775200247453,388061.32406063634,0,0
2025-07-11T04:02:12.179480,25.953862271195252,42.01404097245715,108825.35843058053,0,0
2025-07-10T18:31:12.179483,26.630854575054745,32.375301419440426,231506.06147344032,0,0
2025-07-09T14:06:12.179487,40.120104865724755,67.08107994939603,543308.8692629316,0,0
2025-07-09T22:46:12.179490,36.50965015007504,52.26509925292803,471416.62057646574,0,0
2025-07-13T22:50:12.179494,37.76468590024838,21.449173665277144,368983.30951648025,0,0
2025-07-09T18:42:12.179497,19.676240927389202,30.89538631660357,597802.6871794579,0,0
2025-07-11T04:49:12.179501,28.73374847861204,18.42541702097473,611737.6254673577,0,0
2025-07-15T12:30:12.179504,30.083134907338966,15.991677705760686,354117.89046042605,0,0
2025-07-13T22:14:12.179507,33.54313397417769,13.974728669649831,366247.17833516817,0,0
2025-07-12T11:55:12.179511,29.131702052730834,50.66013619555402,665637.0795802897,0,0
2025-07-10T12:02:12.179515,34.698462030758606,35.5973502247641,276108.75077334326,0,0
2025-07-11T18:47:12.179518,18.094716032365668,16.7698450531026,900947.0778644107,0,0
2025-07-13T12:22:12.179521,35.884752943503926,38.15009747032359,483643.90208564175,0,0
2025-07-10T21:23:12.179525,23.70652741242436,26.184071521664738,256109.773389547,0,0
2025-07-13T01:48:12.179528,14.388002808903007,38.29711886660026,456885.7888205677,0,0
2025-07-11T05:46:12.179533,43.00574012612362,16.259328285065365,389725.4455363918,0,0
2025-07-11T10:18:12.179538,34.189991143013785,38.987757212528074,410601.9854664319,0,0
2025-07-13T11:57:12.179542,33.65776899626731,25.167374015803762,332686.5340403919,0,0
2025-07-10T08:58:12.179545,16.489781108645865,55.27349453886237,210559.41601761925,0,0
2025-07-11T05:43:12.179549,42.00090673358585,50.55203514014918,807548.6537808168,0,0
2025-07-12T19:23:12.179554,27.255120567170724,45.091425470121514,137358.8598766788,0,0
2025-07-10T16:05:12.179557,33.638067212403456,43.57039670269286,551877.7695509203,0,0
2025-07-16T11:45:12.179561,25.63719638029954,10.425978351690798,393712.5622131028,0,0
2025-07-13T12:31:12.179564,29.359764405931546,41.36556765697741,551479.5284466774,0,0
2025-07-09T17:53:12.179567,41.59708238947327,45.89390444301633,235158.83185760985,0,0
2025-07-12T12:27:12.179571,9.886598908476834,16.654725485106272,273061.9994540366,0,0
2025-07-13T21:22:12.179575,29.51037939641737,52.482267179817796,550311.7090732488,0,0
2025-07-14T08:38:12.179578,28.80354047901654,36.665849779771264,398678.3953074153,0,0
2025-07-10T03:51:12.179581,24.99774096064963,40.41500137126771,382572.951298864,0,0
2025-07-13T19:48:12.179584,25.464332260549906,20.02498401447087,331515.8854313042,0,0
2025-07-12T00:38:12.179588,29.22207476474739,36.209747711355604,464770.0353510652,0,0
2025-07-13T20:27:12.179591,9.493131823771186,46.14117424994205,516462.3552683574,0,0
2025-07-15T01:34:12.179594,46.920508599968656,52.14314096664643,409950.65222348104,0,0
2025-07-14T05:34:12.179598,37.95860002586372,26.854254905161216,558749.7829472816,0,0
2025-07-09T21:58:12.179601,36.034889777442146,17.453781270384948,662064.1396639383,0,0
2025-07-15T22:56:12.179606,39.865268786859616,38.241999371055954,385110.7543873486,0,0
2025-07-15T20:11:12.179609,48.755715042043924,36.117739470694666,578228.8338464866,0,0
2025-07-13T10:55:12.179612,7.553134525808709,69.95098862474919,720232.9605809667,0,0
2025-07-13T06:11:12.179616,27.71352233055006,44.36535794401529,434953.7407944815,0,0
2025-07-10T16:56:12.179619,48.513166700848835,10.981452014262224,523361.1710794664,0,0
2025-07-10T22:43:12.179623,18.190028726089373,39.052365034284094,426464.81660668104,0,0
2025-07-10T01:21:12.179626,19.79767561230902,38.579714599261095,445653.10090991686,0,0
2025-07-10T07:03:12.179629,26.469310179701115,56.7129002320069,401502.5462529565,0,0
2025-07-10T18:23:12.179634,26.758662236332015,63.12870524931333,308371.25385355955,0,0
2025-07-10T04:09:12.179637,54.771494104332554,72.95084088569014,676571.2711588131,0,0
2025-07-13T04:58:12.179640,29.287648401310918,56.923173754750806,466047.4384786973,0,0
2025-07-10T03:29:12.179644,35.16317703556169,45.75883680127752,672852.8470820776,0,0
2025-07-16T03:15:12.179647,38.0785604051451,26.88189979969325,551854.3817209045,0,0
2025-07-16T03:27:12.179650,51.27074010457335,57.37402766925963,667294.8202410765,0,0
2025-07-10T07:29:12.179654,34.77515687039963,40.198683665734386,782545.897747572,0,0
2025-07-13T20:47:12.179658,28.859271632338512,59.743781638791106,694498.805816689,0,0
2025-07-16T06:45:12.179661,18.63462710599667,44.46568583324281,675319.77356404,0,0
2025-07-14T23:25:12.179664,25.796888926667734,50.93950260457806,428521.80306660733,0,0
2025-07-15T09:23:12.179668,24.13436623977975,60.04325349368807,813823.3270554317,0,0
2025-07-10T02:56:12.179671,25.357888056933405,51.594603552808984,561876.5908060904,0,0
2025-07-09T18:13:12.179676,5.058487762557306,50.10507187820291,745055.104033208,0,0
2025-07-10T04:38:12.179679,35.37649873915206,56.78325870435006,412154.01296353113,0,0
2025-07-12T09:49:12.179682,16.131076673451094,32.51180775086796,535108.5194520034,0,0
2025-07-13T18:52:12.179685,33.72960976491873,34.4531381226378,664048.0684082117,0,0
2025-07-11T20:09:12.179689,27.781803332705216,12.334669603904931,74727.64268315473,0,0
2025-07-14T06:43:12.179692,35.39764383967527,48.07055305530864,562776.0168714874,0,0
2025-07-12T04:56:12.179695,29.40342236965817,39.11647617295226,153274.47238812043,0,0
2025-07-15T12:11:12.179701,17.199773758646565,24.631660762597328,315802.95100833743,0,0
2025-07-11T01:28:12.179704,37.67880061830929,31.413328528135946,719277.0251578995,0,0
2025-07-16T03:30:12.179708,37.856596491279596,33.233362717617005,283206.791732098,0,0
2025-07-12T23:16:12.179712,46.18668555409892,43.609681189694626,645120.8016545569,0,0
2025-07-10T12:06:12.179716,16.600130153188726,25.218037771208586,279004.04540331336,0,0
2025-07-14T23:27:12.179719,39.20654807264102,35.09464967159847,439515.34916026174,0,0
2025-07-15T23:17:12.179723,21.742836921270765,17.902650234954873,447106.08821254317,0,0
2025-07-09T17:57:12.179727,37.575560566541064,50.638972228827654,594137.6747211753,0,0
2025-07-15T08:17:12.179730,34.9363335521737,44.58384634541639,241834.45469338266,0,0
2025-07-10T18:25:12.179733,38.329371957770704,54.64633840647628,547325.4621413436,0,0
2025-07-12T09:03:12.179737,46.8507056656734,55.734183824961995,953630.8257691881,0,0
2025-07-12T10:45:12.179740,23.213577599600434,28.51598875876001,475191.9768941687,0,0
2025-07-11T15:51:12.179745,45.96626446255558,27.84346391460477,293705.3044866775,0,0
2025-07-14T05:54:12.179748,42.32800999737685,48.64983363637276,231569.2237838969,0,0
2025-07-14T05:08:12.179752,4.8700605186202,34.61667733780131,465200.1092477694,0,0
2025-07-15T16:23:12.179755,31.569759767205035,27.072356976849466,429487.8344528147,0,0
2025-07-13T14:21:12.179758,5.163268659170871,27.904247580019163,445940.46593855176,0,0
2025-07-10T09:47:12.179762,28.59246577081142,42.737525123718285,439015.9879216071,0,0
2025-07-11T15:09:12.179765,27.295958770525232,60.772521127775576,182083.08015062322,0,0
2025-07-14T09:27:12.179768,28.739235626009815,23.650402733945864,435828.1773512269,0,0
2025-07-14T22:59:12.179771,52.300782103252146,53.406492902434344,671672.5796716097,0,0
2025-07-11T18:35:12.179774,25.580291154884407,33.567040704626514,273287.7654561112,0,0
2025-07-14T13:12:12.179778,20.410076615982188,35.27983250972534,213721.2619390526,0,0
2025-07-13T06:58:12.179781,30.542473981689085,35.84981653726136,608993.9433526844,0,0
2025-07-14T21:55:12.179784,32.48565823756604,62.39398895104452,777908.1731945554,0,0
2025-07-14T18:09:12.179787,24.90966491030577,43.43404872125699,661954.3412703804,0,0
2025-07-13T12:17:12.179790,40.014663752961965,41.81870964022287,354279.9720906151,0,0
2025-07-12T03:14:12.179793,30.71950521398832,46.835288870863344,408262.46166847873,0,0
2025-07-13T16:33:12.179796,40.491072482274255,62.11956322385133,402083.6078843932,0,0
2025-07-14T09:46:12.179800,21.622024289742797,51.76307205278341,219565.2216886275,0,0
2025-07-09T22:37:12.179803,28.794154200246634,38.09115707373528,642512.3214580854,0,0
2025-07-13T01:20:12.179806,26.707514982118735,29.768693047432855,301148.3912390058,0,0
2025-07-09T14:36:12.179810,29.491511013016478,34.17300511905614,367760.3579866409,0,0
2025-07-13T18:31:12.179814,38.33859049204644,28.242327213304854,736514.1557188584,0,0
2025-07-10T00:58:12.179817,25.00684451570159,15.170877783806283,673071.3141535058,0,0
2025-07-13T17:38:12.179821,30.97779190499264,53.60412481381729,509794.81693882775,0,0
2025-07-13T02:36:12.179824,33.7473272262266,57.22867049756641,307628.9741427101,0,0
2025-07-10T04:57:12.179828,16.967737772209706,67.41799730067066,366550.876163976,0,0
2025-07-16T11:04:12.179831,42.30879931042149,48.324589029874986,342176.67057717685,0,0
2025-07-12T19:30:12.179834,15.556227159475837,36.633755664188854,100545.78424283699,0,0
2025-07-11T13:21:12.179838,17.47468615470834,69.81024480050039,460355.01312255184,0,0
2025-07-13T04:02:12.179841,31.727238628554005,42.12387662392814,182128.4645407882,0,0
2025-07-15T01:38:12.179846,41.41109488320373,55.790332064447114,506260.3530522917,0,0
2025-07-15T23:09:12.179849,32.278276152235904,28.97498740654133,213616.4553550196,0,0
2025-07-10T14:14:12.179852,33.67598490556967,48.21321390559281,489974.80331246275,0,0
2025-07-16T12:34:12.179857,37.32377425419556,41.14086746751365,561999.6380674294,0,0
2025-07-14T09:26:12.179860,15.518240662508013,34.61695707120678,609119.5944994828,0,0
2025-07-14T22:40:12.179863,32.46247617421694,54.74074058385663,494422.02186338836,0,0
2025-07-10T16:57:12.179867,14.315306433727518,21.94540193426196,625465.7245489019,0,0
2025-07-15T21:13:12.179870,36.07967622997424,65.51123648806116,820540.4194734287,0,0
2025-07-12T17:20:12.179873,36.99701263553635,40.78040070530222,798720.6042169497,0,0
2025-07-09T22:00:12.179878,30.08519590183446,54.810474172056644,587860.8097986217,0,0
2025-07-10T14:10:12.179881,25.75290688099391,42.762777229698614,645474.6914704135,0,0
2025-07-11T20:16:12.179884,47.626407268756175,59.97733814514084,871983.3348938499,0,0
2025-07-10T22:29:12.179889,22.382680080319986,59.94563021227521,304134.3216081682,0,0
2025-07-10T03:48:12.179892,20.72521955594577,38.79539501735685,415892.3889512502,0,0
2025-07-13T19:27:12.179895,30.05371191697034,37.83664844865809,649233.3182170312,0,0
2025-07-11T07:33:12.179898,41.12050092894094,44.05858612990229,678098.407764951,0,0
2025-07-09T20:38:12.179902,26.535407731925684,40.4334269684431,776622.4731265828,0,0
2025-07-15T11:52:12.179905,18.849624856287083,87.30569105531028,1122976.391173416,0,0
2025-07-12T04:19:12.179909,22.939580550563345,28.45964894353218,330426.89797679894,0,0
2025-07-11T19:59:12.179912,17.697900081707434,24.03605524761154,1041736.891479122,0,0
2025-07-10T13:47:12.179916,23.955447933939396,59.926483254017086,425921.7864376538,0,0
2025-07-16T09:09:12.179919,32.70158521562857,17.499411910744932,763292.0650357911,0,0
2025-07-14T18:06:12.179922,41.99886020088469,39.484880733208335,710895.8883355178,0,0
2025-07-11T01:36:12.179925,18.837028410876492,45.35897864093103,511260.1276619537,0,0
2025-07-10T01:51:12.179929,32.440457440953395,27.69247001472208,712247.5125722854,0,0
2025-07-15T20:19:12.179932,25.009534905444593,50.496789592699244,561671.594668613,0,0
2025-07-10T11:32:12.179936,40.904435209163665,32.2920580135355,832758.2670489249,0,0
2025-07-10T17:22:12.179939,29.14541437323673,25.230189191391823,641431.4253872996,0,0
2025-07-15T12:49:12.179942,40.72427322376836,28.897899283158807,447097.6821838595,0,0
2025-07-15T03:37:12.179947,25.52599856536061,26.272284128049954,576493.6565521619,0,0
2025-07-12T03:32:12.179950,37.590651836993786,31.25091336740823,283516.96877300716,0,0
2025-07-15T02:52:12.179954,25.221898596670353,23.162972141867247,461961.5111155652,0,0
2025-07-11T02:14:12.179957,30.68340124125427,33.05190046445903,461904.6219725881,0,0
2025-07-11T21:41:12.179961,31.422525366199416,73.80207549734197,149495.9658375237,0,0
2025-07-12T17:23:12.179964,21.53006144002781,43.4978201599163,585955.6336941621,0,0
2025-07-13T10:59:12.179967,17.027160801612176,52.17550187503081,668354.6144567968,0,0
2025-07-13T11:20:12.179971,32.178320305039335,29.423105184460944,510094.3110559091,0,0
2025-07-13T02:12:12.179974,24.859496565644864,54.3967495007901,499918.23605577165,0,0
2025-07-15T21:33:12.179978,24.218499846230348,53.65700272071505,497461.0702586083,0,0
2025-07-09T16:34:12.179981,26.31143093010744,49.665734213654304,405331.5713302431,0,0
2025-07-10T10:53:12.179984,41.46926049430223,43.310949392534475,302012.2607897128,0,0
2025-07-10T10:47:12.179987,22.980410428989515,35.74302014334742,118543.13399395486,0,0
2025-07-15T16:49:12.179991,44.382997566831975,62.81340966454932,649415.5189116467,0,0
2025-07-13T22:43:12.179996,24.30927763252174,20.959999623668647,369188.6820630998,0,0
2025-07-13T04:41:12.180000,27.330407322086995,26.18695943513284,694051.3180190318,0,0
2025-07-09T20:58:12.180003,30.427192994125335,19.39520241018763,483450.43744942476,0,0
2025-07-09T20:01:12.180007,29.776999185243774,57.225097338170606,661869.1704841207,0,0
2025-07-15T23:46:12.180010,26.912974695425053,17.933151697345362,696574.5731431011,0,0
2025-07-14T14:01:12.180016,23.25028164151801,47.99329080659168,358616.5139274987,0,0
2025-07-14T12:59:12.180020,22.102052431477514,31.171032217619924,628870.7312708412,0,0
2025-07-15T13:32:12.180023,42.857384023330255,27.1993482697812,478017.25080159,0,0
2025-07-12T13:25:12.180027,15.827979992606343,49.31955633102507,443301.07905525854,0,0
2025-07-15T18:35:12.180030,32.856946129876036,40.42458090481833,366310.3628820794,0,0
2025-07-13T10:37:12.180034,52.53971217256962,52.243129638536196,903096.0956391657,0,0
2025-07-15T21:59:12.180037,38.7091673747225,25.88751682694577,195168.21118756593,0,0
2025-07-15T12:06:12.180041,42.193539857603895,45.48300952426039,424664.06683156744,0,0
2025-07-14T15:16:12.180044,48.53352815729711,62.02574271636328,847975.806131153,0,0
2025-07-14T12:49:12.180047,36.431648545423734,21.01322418404846,510263.97028345836,0,0
2025-07-10T20:26:12.180051,32.1813381704931,56.33730517647733,522214.45493497385,0,0
2025-07-13T23:57:12.180054,22.88919421297069,51.02139010684628,458914.5177843423,0,0
2025-07-15T11:36:12.180057,33.89776182817975,62.426966877780124,233450.06189989205,0,0
2025-07-09T13:55:12.180060,22.739952102217813,34.120638459969946,285010.0635922609,0,0
2025-07-14T13:21:12.180063,26.17359887622527,47.40329154791359,311502.3878054921,0,0
2025-07-11T17:20:12.180068,39.54415380500747,22.80239045380979,523757.9384525778,0,0
2025-07-10T20:30:12.180071,26.699104028494173,51.6155324158367,683985.0606165825,0,0
2025-07-15T01:40:12.180075,16.830068092663947,39.38367641014577,823933.5488432904,0,0
2025-07-14T07:49:12.180080,31.497624245717866,39.1773024744321,667124.9981959611,0,0
2025-07-15T22:31:12.180084,21.402132705696896,31.213494321712794,773143.0354774755,0,0
2025-07-10T16:50:12.180088,34.46107973114061,59.86972507358327,741012.5390013866,0,0
2025-07-10T07:46:12.180092,26.608504459097837,82.55109738002646,252774.35282699994,0,0
2025-07-12T21:45:12.180095,23.853696282146053,69.8441884993533,579233.9039367946,0,0
2025-07-13T04:14:12.180098,18.512384460942883,64.07022294196511,216650.4290057713,0,0
2025-07-13T07:19:12.180102,28.92598113947363,35.65206003364117,766066.546022135,0,0
2025-07-13T14:34:12.180105,41.324811975283495,31.310651346142237,409596.6530075285,0,0
2025-07-10T03:58:12.180108,38.428507613498894,51.31346164960418,670886.6274410149,0,0
2025-07-15T17:34:12.180111,30.03307565836821,34.416932360935164,749495.9485048498,0,0
2025-07-16T05:44:12.180115,43.604217187881794,41.16127675177907,731859.3420385451,0,0
2025-07-13T00:31:12.180118,33.87535959983429,35.88207977064929,476121.01272377156,0,0
2025-07-16T06:39:12.180122,18.728426931333843,58.37061544284831,513013.04070505226,0,0
2025-07-13T09:24:12.180125,31.684796514168543,37.23716580428724,583699.6736086467,0,0
2025-07-09T17:02:12.180128,25.53735185391565,39.02657443096989,643257.6161921979,0,0
2025-07-12T00:42:12.180132,53.0196572893074,16.569824545187476,547635.8424669752,0,0
2025-07-12T19:40:12.180135,14.682876010989554,43.87179724790293,334088.5373916099,0,0
2025-07-10T19:21:12.180138,30.3353777197183,25.63838987137064,591228.1004919659,0,0
2025-07-12T23:49:12.180142,44.118950584813035,27.512747867678684,550378.9697740154,0,0
2025-07-11T19:56:12.180145,34.02867701880035,34.056191037796026,701522.4881328008,0,0
2025-07-11T19:42:12.180150,18.476497470273845,47.30364821050019,0.0,0,0
2025-07-10T07:33:12.180154,35.835086911000445,51.32855300333899,481566.2041482361,0,0
2025-07-15T03:40:12.180158,42.43861127419855,7.796281464020424,467416.1500420767,0,0
2025-07-10T18:53:12.180161,28.921973314759217,44.42791685487096,210949.71444061433,0,0
2025-07-13T22:18:12.180164,29.265771627473086,30.362878449532356,447320.89916926046,0,0
2025-07-13T00:23:12.180167,45.19155655997656,57.42634457236751,214271.20835661853,0,0
2025-07-12T16:31:12.180170,40.34798810821569,36.49254877662544,878176.7332973436,0,0
2025-07-09T17:12:12.180174,28.800143980410745,22.739120552586407,503657.3171336687,0,0
2025-07-16T04:24:12.180177,22.660419107277317,45.31788848094853,516414.445252623,0,0
2025-07-14T18:18:12.180180,16.40900923565455,15.123608165912984,641241.7279928795,0,0
2025-07-16T09:26:12.180184,25.055544156894776,62.79708591555349,432729.10933626036,0,0
2025-07-12T07:25:12.180187,30.25719274217836,34.82574547803564,621994.3537515006,0,0
2025-07-11T14:38:12.180190,40.41101763770963,44.303472372464114,565975.9656970312,0,0
2025-07-15T18:58:12.180194,22.688513316820078,57.88554558192617,466419.1789757778,0,0
2025-07-16T08:55:12.180197,37.98280383240138,32.22758359278187,374965.58070941723,0,0
2025-07-14T22:53:12.180201,47.55867541876562,12.943327298201162,365417.3784266539,0,0
2025-07-12T04:59:12.180204,24.52873767152555,42.94266862604431,408043.90294260805,0,0
2025-07-15T19:54:12.180208,36.76470393582137,65.7176458586837,570839.4503196115,0,0
2025-07-14T04:37:12.180211,21.895164240707384,41.74229316191366,139703.5054642955,0,0
2025-07-10T20:07:12.180215,9.76247264791187,33.48474953273046,485820.9085992422,0,0
2025-07-12T07:31:12.180218,16.56737196202935,30.795697152752197,956476.2938594484,0,0
2025-07-11T23:33:12.180222,53.56991496349768,38.07883010609276,677276.7927227418,0,0
2025-07-10T01:09:12.180226,35.81871514739109,65.13887144114764,297312.7243009147,0,0
2025-07-16T06:23:12.180230,39.921153103568386,43.5127393360919,711095.9124926734,0,0
2025-07-12T18:14:12.180233,35.051732653573715,28.445482541920892,180867.48324628326,0,0
2025-07-12T02:44:12.180236,4.477095278565372,42.495046844673105,445535.5135175629,0,0
2025-07-11T19:12:12.180240,41.18022750072229,33.71296252385408,319161.8224386341,0,0
2025-07-15T20:20:12.180244,28.96499344110325,61.498541342642824,390678.7754066212,0,0
2025-07-13T11:29:12.180247,45.203639178302154,35.18971746405599,846115.1642753747,0,0
2025-07-15T05:03:12.180252,27.890615857272575,30.59146984839858,660549.3013024976,0,0
2025-07-14T00:21:12.180256,29.16800866678313,51.17869520440446,435832.24728015816,0,0
2025-07-11T17:56:12.180259,38.831110680969424,41.94670431430619,390128.9009839805,0,0
2025-07-13T09:12:12.180262,21.921421013762966,22.020292030516377,584589.2236634052,0,0
2025-07-12T22:40:12.180266,28.70500515433857,28.715667723671125,438415.04163936264,0,0
2025-07-11T06:51:12.180269,19.006529681540677,56.10054240296391,229817.75144597265,0,0
2025-07-11T12:14:12.180273,39.029742848595575,24.509704263930388,407981.1889134607,0,0
2025-07-16T09:24:12.180276,19.302560200706324,42.07659387780524,479904.8072787994,0,0
2025-07-10T14:46:12.180280,29.399498681613398,40.33689486787272,556901.1827603482,0,0
2025-07-14T12:27:12.180284,35.44738788749211,15.239302817844536,573655.4734888367,0,0
2025-07-15T17:42:12.180287,36.16700056840241,31.586367379393632,239187.25381187923,0,0
2025-07-15T17:29:12.180292,32.803872918090235,29.31692334228487,574362.8445828417,0,0
2025-07-13T14:52:12.180296,42.58821481379816,26.31318291714178,435239.0033000096,0,0
2025-07-16T01:59:12.180299,34.09355494202145,52.61776638998624,715981.8175589129,0,0
2025-07-11T04:59:12.180304,29.69177362553492,50.96749408468069,550852.060464082,0,0
2025-07-16T07:26:12.180309,45.47883779026217,25.198473689447205,399420.3356288463,0,0
2025-07-11T02:13:12.180313,31.99701936023951,58.02110626710692,438661.4453148282,0,0
2025-07-13T09:47:12.180316,29.509888272860277,33.668397720818234,445442.3709205341,0,0
2025-07-11T20:55:12.180320,35.50973229561693,37.492090294593034,552790.422446268,0,0
2025-07-16T04:19:12.180323,31.82830968631499,56.72654215461654,463521.5332694183,0,0
2025-07-13T02:50:12.180326,31.516028724906388,50.8723315282609,453470.0269700802,0,0
2025-07-10T23:55:12.180329,33.568927250846464,42.09575332041277,228432.03156877146,0,0
2025-07-14T10:28:12.180333,17.182174732341018,50.863109229954574,439660.0070307464,0,0
2025-07-12T20:54:12.180336,29.85551801017117,49.45664437371551,667289.0324135947,0,0
2025-07-13T12:50:12.180340,27.684399798708718,34.16895037943724,600959.9048211478,0,0
2025-07-13T01:01:12.180343,18.993847656764412,46.46103976416065,122020.97874320857,0,0
2025-07-14T06:52:12.180346,35.056812887758824,58.74677576842355,496133.87782535143,0,0
2025-07-12T00:39:12.180350,31.036329353597342,73.49850878478833,505007.51252330176,0,0
2025-07-15T03:01:12.180354,29.27338341251326,45.80188312055241,638216.9084881864,0,0
2025-07-12T16:29:12.180357,27.381773082319917,50.57473607323831,401079.99207688076,0,0
2025-07-13T17:40:12.180360,41.17890734107196,38.4632251882878,377717.3578314419,0,0
2025-07-10T11:20:12.180365,32.83582365179461,25.005592890997185,482367.77921147726,0,0
2025-07-15T15:49:12.180368,23.537898431640368,51.61000559889943,536974.1554250102,0,0
2025-07-12T14:43:12.180371,21.725300435743332,52.00000021526545,584344.5678466338,0,0
2025-07-12T15:15:12.180374,36.233067050170106,49.119795563529436,537914.3373072696,0,0
2025-07-16T08:19:12.180378,37.54471226444276,52.198044045899124,329403.62778285576,0,0
2025-07-12T07:18:12.180381,20.512350540669075,66.19955237597465,602306.6844168206,0,0
2025-07-10T16:38:12.180384,25.52221711986087,41.95222825287905,519661.8014687657,0,0
2025-07-13T18:35:12.180388,34.31492405928202,41.19342441593253,777001.5945558411,0,0
2025-07-15T05:03:12.180391,24.181062805943714,61.01264889113462,416227.61831482383,0,0
2025-07-14T06:25:12.180394,24.084158324999706,47.290104899317555,343942.8211997995,0,0
2025-07-09T15:43:12.180398,30.724592181184498,42.767311413806254,960669.9209614773,0,0
2025-07-11T00:05:12.180401,19.08857892419095,27.240412760092894,472157.92861519335,0,0
2025-07-16T12:31:12.180405,8.099106064683383,22.478167071119216,450048.24160646746,0,0
2025-07-12T00:19:12.180408,28.207531183408634,46.9615783702516,203837.29277593846,0,0
2025-07-14T16:23:12.180411,40.3479114617546,34.4289154695464,482520.91812359594,0,0
2025-07-10T12:00:12.180415,37.12210389194057,15.599239793791845,196108.35477500112,0,0
2025-07-12T20:25:12.180418,28.897845562860624,27.157902525867346,601276.4976542915,0,0
2025-07-15T08:36:12.180422,48.2665607548601,46.37162247393093,510684.14922342845,0,0
2025-07-15T20:56:12.180425,23.840139423793566,43.554395681318006,906498.5338592777,0,0
2025-07-11T22:06:12.180431,33.57250225963033,20.19078075591821,370728.8870104933,0,0
2025-07-13T00:16:12.180434,40.07268619143434,48.2576942845007,449324.4652081672,0,0
2025-07-10T00:56:12.180438,36.2730922497611,45.020845101118724,662031.6027824137,0,0
2025-07-15T19:56:12.180441,32.23534926454959,36.27079960075735,567953.9399392664,0,0
2025-07-16T04:58:12.180445,30.268868279945668,61.82213355559591,453610.7990057176,0,0
2025-07-15T21:29:12.180448,44.05637070062907,38.28003024443633,756382.8904440622,0,0
2025-07-12T21:13:12.180453,30.01315998115157,27.652734048345177,617964.8370591161,0,0
2025-07-12T18:18:12.180456,39.68108434911748,35.792055109681876,466588.6381838194,0,0
2025-07-11T16:23:12.180460,33.11917462406478,44.28264058204481,1021782.6660630055,0,0
2025-07-10T01:27:12.180463,38.518134755391834,41.41073823442571,240193.60482346977,0,0
2025-07-12T10:58:12.180466,44.07230312298992,34.99868630465077,303267.1630761936,0,0
2025-07-16T08:04:12.180470,35.22661837145089,38.03897632324818,417243.0023463371,0,0
2025-07-09T15:22:12.180473,40.39537418248052,31.696898931890836,410512.44993345207,0,0
2025-07-11T08:47:12.180477,23.901008490729247,49.992021782791326,1144526.9209351274,0,0
2025-07-11T06:14:12.180480,21.359461837661044,68.40577594292961,480854.2568505247,0,0
2025-07-10T19:44:12.180483,34.7698543565983,60.22444074759065,921114.6168455922,0,0
2025-07-10T18:56:12.180486,22.19549993312129,32.435815378604374,497414.5351543914,0,0
2025-07-14T19:35:12.180489,29.520458675963013,43.36932200240423,587020.0634154909,0,0
2025-07-10T03:17:12.180493,24.5565929068986,41.966054609006655,768658.2424760523,0,0
2025-07-15T23:52:12.180496,24.143931872437882,37.90380519745159,407635.97028767364,0,0
2025-07-10T00:13:12.180501,28.48922317699243,24.367498177664903,427726.13328665687,0,0
2025-07-15T01:31:12.180504,30.189471027126533,53.69884995901206,567971.0865833416,0,0
2025-07-15T12:02:12.180508,51.889994256572,29.19255271054975,370480.4550654145,0,0
2025-07-13T17:02:12.180511,28.064285999713892,30.22421387414204,606573.5765590281,0,0
2025-07-14T15:47:12.180514,15.840212575637647,20.229375045759323,65470.809337138315,0,0
2025-07-10T05:48:12.180518,22.206284086486093,53.21570808184676,412273.45191888686,1,1
2025-07-12T08:12:12.180527,84.13712823440676,75.87862081688735,1480225.434763223,1,1
2025-07-16T04:11:12.180535,30.71407671992842,29.563633360302973,2878781.9976510424,0,1
2025-07-10T01:18:12.180539,95.19462316917145,76.96613015817763,2099454.6441227915,0,1
2025-07-14T15:26:12.180546,19.313625505372627,76.73326208717177,480170.87505720335,0,1
2025-07-15T04:54:12.180550,12.414866424097529,25.234343040436574,392389.79809954297,1,1
2025-07-14T11:46:12.180554,38.32490479577618,49.63131102491251,337222.6905586768,1,1
2025-07-11T00:18:12.180559,25.398452312817774,72.85830488449366,455291.8448313324,0,1
2025-07-16T03:06:12.180562,84.51819972011097,34.97273552903658,524976.7394061633,0,1
2025-07-12T10:21:12.180567,80.65021690346337,43.45704907436931,251524.43757703883,0,1
2025-07-11T15:05:12.180570,37.17482717004245,39.19442528771729,1333883.7108899099,0,1
2025-07-11T20:25:12.180574,27.373094604878748,21.04961949743341,696016.5068193093,1,1
2025-07-12T09:21:12.180578,34.26102930298128,43.88488881133443,1387451.5680224632,0,1
2025-07-13T13:37:12.180582,6.151649232561521,54.558576056390066,470242.58769607404,1,1
2025-07-11T17:25:12.180587,7.648361258286084,79.30939095977584,662537.9982623826,0,1
2025-07-10T18:52:12.180590,24.460229002824402,84.35347414224277,670061.1219806438,0,1
2025-07-11T14:23:12.180594,75.84888443932876,74.80512396635856,1328483.1803165495,0,1
2025-07-16T05:14:12.180599,23.919484845832393,84.6533348622313,537886.2491296735,0,1
2025-07-12T08:19:12.180602,84.22933686000016,71.36078359612085,1890392.5532890994,1,1
2025-07-14T09:00:12.180606,31.489455935733552,90.94139990985178,589152.6162245956,0,1
2025-07-15T12:28:12.180610,40.828317751141796,32.18881110188997,483713.09877587535,1,1
2025-07-15T06:37:12.180614,12.18404421370671,56.52615713420371,1637013.9274388743,0,1
2025-07-15T13:39:12.180618,47.68132436630391,88.92831156646278,741292.8857745783,0,1
2025-07-14T06:56:12.180621,28.717263573953044,31.719279987072554,561641.8553579847,1,1
2025-07-11T23:45:12.180626,24.737640622821395,48.227749597266794,2503896.383429389,0,1
2025-07-12T06:54:12.180630,91.37824603798025,59.64120049383567,1183238.6047518868,0,1
2025-07-15T17:12:12.180635,93.90984725437501,77.37799686946408,1592171.6169730192,1,1
2025-07-12T16:07:12.180640,88.62272990900772,39.756243666051034,676438.6357252084,0,1
2025-07-12T03:28:12.180644,37.024570378416854,85.64182197216462,326965.4689879811,0,1
2025-07-12T12:32:12.180647,37.191048080521085,39.26856308813327,1880886.9940651783,0,1
2025-07-10T16:28:12.180651,80.87041680259576,69.83035187943335,893486.09244806,0,1
2025-07-10T22:21:12.180654,38.661477237871864,86.99987506473053,733151.7753574281,0,1
2025-07-16T05:49:12.180658,43.14722518545153,41.27500260434329,1665751.270315489,0,1
2025-07-14T09:17:12.180662,40.433614626214684,57.78856051890942,2837729.8387322705,0,1
2025-07-12T01:35:12.180667,26.853586660186494,31.3950691551192,769611.255524264,0,1
2025-07-12T23:51:12.180671,26.518742869170378,51.64185683878287,2095529.7138226717,0,1
2025-07-13T08:19:12.180674,89.7252672673975,53.646835461626125,654933.9217646621,0,1
2025-07-10T20:05:12.180678,42.39338819697042,59.461715851200495,2295723.2494683787,0,1
2025-07-16T00:34:12.180682,34.27610103262837,31.590472746125258,398760.4711919882,1,1
2025-07-16T12:02:12.180686,35.345259398744886,78.93431311687768,333961.14864110947,0,1
2025-07-15T14:33:12.180689,36.1695468458742,31.40968263386756,530787.9340777254,1,1
2025-07-12T01:39:12.180693,81.4104585755193,16.31902488973199,347296.301613295,0,1
2025-07-10T11:06:12.180696,76.62619750297682,69.00259846868131,1494349.165720399,1,1
2025-07-13T04:22:12.180700,87.05688829528556,39.502895491410264,585244.0574345572,0,1
2025-07-13T23:56:12.180704,36.38570844440973,77.19692754773907,401208.5727372166,0,1
2025-07-10T11:57:12.180708,32.01065021378536,98.03828843602335,256149.86562461476,0,1
2025-07-15T07:38:12.180711,85.80481242588294,78.41457632296147,2099502.533823341,1,1
2025-07-11T07:16:12.180715,30.218287737745722,84.06289827200743,459898.47179827833,0,1
2025-07-13T18:03:12.180720,46.081219176070775,81.59011948277903,714281.1843720096,0,1
2025-07-15T09:47:12.180724,44.439581369474965,45.88754856962896,1722383.8535250288,0,1
